crop,yield_t_ha
watermelon,18.278617710583152
rice,14.937045631719212
apple,7.846851300634141
coconut,12.850622625090194
watermelon,16.097060858262928
banana,16.555629587977478
mango,13.326362429731418
coffee,10.376787690251998
jute,10.229989096561162
cotton,12.238636437352016
rice,16.904739927078047
watermelon,16.242412559300757
banana,11.296237278772812
coconut,7.117692747935574
coconut,16.7760766813862
jute,12.588402703664176
grapes,17.88805354804288
mango,8.498890147225367
lentil,13.907691289257915
coconut,10.045507755340942
coconut,17.49458095100239
mango,14.55010236099476
cotton,12.470786516853934
apple,11.718260141198996
grapes,12.169138752982173
coconut,14.50031091674567
mango,12.375848416289593
cotton,9.66499484004128
coffee,14.273759890670338
mango,11.527776184192914
watermelon,16.262337938756815
apple,17.29462485976443
jute,8.91818156502367
orange,18.51459515811421
cotton,12.869335503119066
maize,11.906369939143836
jute,9.386630171237142
coconut,3.772622478386167
cotton,11.835131937657527
maize,18.435384600394297
apple,18.023622676606937
muskmelon,16.735050744788854
coconut,10.236207785511729
apple,13.885929722123038
chickpea,13.145219889637138
apple,10.477832648524297
orange,16.411694807037456
coconut,13.386756238003835
mango,14.294232273358904
orange,17.40771221160066
muskmelon,15.7685295728368
cotton,8.938018734069136
rice,13.456362390415654
banana,9.028245487364622
maize,14.183023160944238
mango,13.33270830613674
chickpea,10.225610098965362
coconut,17.28027405862794
mango,11.23986003646937
coconut,14.003189100164697
watermelon,13.469016693292582
maize,10.671263091206308
orange,16.79475765721036
banana,18.51419881416497
mango,9.392518461009423
watermelon,14.637097055763364
muskmelon,12.205355728093805
coconut,11.491762818370212
orange,14.973944580911729
muskmelon,17.33315037018126
orange,18.691790846194785
watermelon,13.176639837002911
banana,19.51075261671374
apple,10.508678163704714
muskmelon,16.842785455414393
coconut,17.164722556747286
mango,12.865179538299351
coconut,17.27226207127813
coffee,12.5947479593298
lentil,16.966193771244427
chickpea,7.948640671471787
orange,14.135083445520012
coffee,19.22182914924307
lentil,15.564393404899652
coffee,10.739691510897826
banana,16.28808325378229
chickpea,12.006342253165048
watermelon,9.831105430456338
banana,13.100559457547677
coconut,8.005416191562144
watermelon,16.19226862106729
rice,8.812424291837496
coffee,12.873696379970616
watermelon,14.041222197981376
coconut,17.59213318697402
muskmelon,10.343776369414172
rice,13.701439991756756
jute,15.246042603606885
lentil,11.00798592198433
lentil,12.250768961065868
lentil,12.594703125671783
chickpea,17.257230995037826
mango,18.03713352172377
apple,14.720126131459343
chickpea,14.233060345330795
banana,13.538568845043834
orange,5.70999900226154
muskmelon,9.607983664722472
apple,8.955436849628878
grapes,9.722651423489827
grapes,9.761030082041932
orange,6.379344812879838
grapes,11.7736129753915
chickpea,12.941942298805044
jute,10.886681681301718
grapes,12.112330783504673
mango,10.795441174252138
apple,13.691371615590596
apple,15.947209602024689
cotton,6.492367283124639
banana,11.2403148644081
mango,12.804051753489956
maize,13.363554566622286
chickpea,15.14421475720104
watermelon,8.388177008631876
coconut,13.32677031637324
orange,12.59812502776914
rice,10.671657745755976
coffee,13.033372145260511
jute,16.483353114539852
maize,18.087140608783915
cotton,14.012049720480794
grapes,15.220238095238097
banana,14.548377958322288
coffee,14.130812875854684
chickpea,13.998942503629316
lentil,15.052409461589704
cotton,8.002870136167648
mango,7.874394558987539
coconut,17.119464916083484
coffee,14.702780546716252
coffee,12.869144541068383
jute,13.75957776629512
cotton,14.239697521379664
muskmelon,12.047729941164642
chickpea,14.674326049713937
coffee,13.333309448363348
apple,15.53160622016512
muskmelon,9.635116508040696
coffee,12.15338083390102
muskmelon,11.322834015612946
lentil,14.526325773648766
lentil,8.785418584524473
cotton,14.851341857524238
banana,18.0461829586206
orange,13.914998598532808
chickpea,14.623635017582824
orange,18.63337667116399
cotton,15.2237608813085
cotton,7.447861994819919
maize,9.99929377926536
grapes,10.099380987209448
chickpea,14.964013799666905
muskmelon,14.142604713529238
maize,17.853705416047625
jute,15.234627549622692
maize,15.252342825555584
jute,14.248155567969487
orange,13.467699774733106
jute,16.69414643188137
rice,14.2217693506759
coconut,10.376083665886886
muskmelon,13.836212050902212
maize,10.201401046357482
muskmelon,14.493540626845997
jute,17.495434397362995
rice,15.539729366411931
banana,10.57367134457499
coffee,12.146243672768032
cotton,14.587906957297358
rice,10.350911838875064
jute,16.201397495295726
lentil,16.643963793624835
lentil,16.332914810059666
rice,9.026779614091335
lentil,11.176984129453382
banana,14.370098039215687
muskmelon,12.108721090402245
watermelon,15.667501155781965
rice,12.935319966126334
rice,14.542637003001769
orange,10.25701590363732
coconut,11.20943441170778
rice,13.767068902701569
coffee,11.384264234757064
muskmelon,15.161586833071322
muskmelon,10.769907922409134
coffee,14.941276213240176
banana,9.600049438182756
grapes,14.598231494695955
chickpea,12.204009364005168
coconut,16.171656734782502
mango,10.987587824713687
coconut,15.620564234423052
orange,10.59985116370357
muskmelon,11.801155062270116
banana,18.18239882367807
watermelon,17.727247018899938
cotton,8.574377894158301
chickpea,12.85030550696901
lentil,19.23670015864622
grapes,7.356247351146768
coffee,15.34578681184683
banana,18.02767736714324
grapes,14.992001868176777
jute,15.959470636889993
coconut,14.15397995545657
mango,16.634696141351714
orange,10.655898140874577
jute,11.844641523057838
mango,11.692245732373664
muskmelon,17.043304710669698
coffee,13.561237102727327
muskmelon,14.600924261099994
coffee,10.447194834192802
grapes,10.282973098785837
jute,14.142898869101243
coconut,13.802436440677967
lentil,8.920916023060784
grapes,10.012275273699242
watermelon,14.05337614997396
muskmelon,13.767280572797562
rice,17.609639418152017
apple,11.791069248551912
coffee,12.633829012744778
banana,7.503728557030013
coconut,9.772126632999916
watermelon,12.855177162787664
jute,10.602810557651098
cotton,15.060584707154796
rice,15.225392460753923
rice,13.232436999957216
muskmelon,13.013829392518636
orange,8.428780477578147
watermelon,13.597404388462545
banana,10.231915518554894
mango,11.546940184353767
jute,10.883277355826117
chickpea,9.089780983772402
maize,8.943684978262189
orange,7.759542131272522
muskmelon,10.62307475664924
watermelon,12.9991305103904
rice,10.009270375785976
coconut,12.763201806592283
coffee,11.861166874273469
watermelon,9.991483234906536
lentil,14.135048446067367
banana,14.958415449368657
coffee,14.488279247867649
muskmelon,13.217477909386025
chickpea,13.725513540972155
grapes,9.863318401822568
watermelon,16.800760148042816
jute,15.86334850159824
chickpea,17.667097275096808
watermelon,14.53985241278059
lentil,15.311345646437996
coffee,16.401887421690468
banana,14.078427112752552
watermelon,11.718204164525378
coconut,16.273899922118378
coffee,11.28012952326928
orange,14.257614825063412
orange,15.764862534308618
jute,16.927276559865092
lentil,12.63099212177861
muskmelon,11.511836416862256
jute,11.49313963809778
watermelon,18.16213477453133
mango,11.711521396225551
jute,13.066027856678415
rice,15.647618688096031
coconut,14.365245189193708
mango,11.54943879805568
grapes,13.317331508669154
cotton,13.94938734713426
lentil,15.037742604388882
cotton,15.556307927321868
muskmelon,18.371726517171084
banana,12.066484506493907
coffee,9.083662623420834
maize,12.806766384528338
grapes,18.53710456045868
cotton,16.257311902973058
grapes,12.74441419085906
banana,8.838406599702097
watermelon,14.701696812629867
jute,13.1681945972375
jute,9.793322943874974
maize,14.64743385183626
jute,10.597347966832276
rice,9.63949204508469
orange,17.464334337542468
banana,14.425319436854297
banana,15.13845613179051
coffee,16.326545800343165
orange,16.19414039909379
coconut,9.37123220160635
muskmelon,9.55264857795976
banana,16.598542451939007
orange,9.746054297074007
coffee,9.827110172265032
mango,11.425300800663836
orange,13.09810679490486
jute,18.020762986602897
mango,10.692531919608612
jute,8.653096687530367
jute,12.389176931703512
coconut,15.46143753014954
banana,9.852422663266436
coconut,11.563605182827654
watermelon,10.99490570386324
muskmelon,16.967892457481682
coffee,9.354923499411534
banana,11.284782387622126
coffee,10.468986772826504
coconut,10.128421641106572
grapes,9.791414141414142
cotton,16.507221405525115
jute,11.34815979570848
mango,15.90804066034515
mango,16.407279841287334
coconut,13.307699523595748
muskmelon,10.714990170456945
maize,12.263383673889193
banana,11.198758303391642
lentil,18.35466070096943
banana,14.480440809537011
chickpea,11.931095537122328
grapes,11.498750937535066
apple,16.545524118216402
banana,12.296767585753132
coffee,18.213099929627024
rice,15.477749782721297
apple,14.009590948266336
banana,11.233610032681383
cotton,12.895823492614674
mango,17.80667879713418
muskmelon,13.115467148884871
orange,10.014774768215135
grapes,7.837829999934831
cotton,13.547953385387432
mango,8.815320058101554
orange,14.63321305639626
banana,15.371417127694194
coconut,14.321118293633829
coffee,12.216622306570695
mango,18.26987583922317
watermelon,16.534670419735995
muskmelon,9.153213338674275
jute,9.172584504872562
lentil,13.087621495491067
maize,12.663814955640053
grapes,10.990633426490623
rice,15.847165597192188
banana,20.45749317092056
maize,12.82484343547305
rice,7.445486612383366
banana,11.675818153521131
orange,19.08160483621609
chickpea,12.662052574952224
grapes,17.334174524762574
apple,15.797368345612474
cotton,15.576253949420927
watermelon,10.109126593213404
rice,8.733925482012591
watermelon,16.638285859144542
banana,12.35739285407541
chickpea,8.833270312363657
banana,11.517494942316157
jute,6.72172030897463
lentil,17.12601483815822
coconut,19.20141134960306
maize,12.465058080611213
cotton,17.026706598522086
watermelon,13.100276099516
grapes,11.25296420728837
muskmelon,12.74981416009428
grapes,12.674766238541748
chickpea,17.498754669987544
cotton,15.539120999768416
coffee,11.318113336270732
mango,16.807753060793896
coffee,10.520974923328277
cotton,15.559268348292102
lentil,9.366385245033516
mango,10.672982829554453
jute,12.336837136525949
muskmelon,8.596143969963101
watermelon,9.659715945771463
banana,14.45687761661517
coconut,10.412685107571948
muskmelon,16.585724829062695
chickpea,11.737184974741536
coconut,11.951140565807435
banana,14.49927043262398
banana,17.234316335586048
cotton,13.006082032537376
banana,16.46432944940926
jute,11.88529107819497
grapes,17.79777851838219
rice,11.234791160886749
maize,18.634260438040748
lentil,12.297548139492909
watermelon,12.099612215220551
rice,15.79414387497127
mango,14.486995595762409
banana,15.960925621211803
coconut,12.74690190298262
orange,19.31467806710714
orange,8.349169633910147
mango,13.339783450261145
banana,11.95091772759819
orange,7.334344339857562
coconut,12.43660479485281
coconut,12.93518792542172
coffee,17.339835931704037
chickpea,12.831823792145055
apple,10.917370809650478
lentil,13.411515728432594
coconut,18.36787746554541
watermelon,15.29146405919662
rice,13.285370453079253
banana,12.692930375347544
rice,18.302172415190693
muskmelon,11.802211165743884
maize,10.163056311277655
coconut,10.16459281023771
watermelon,15.753601219508726
muskmelon,10.029200559099994
cotton,15.04124957279351
rice,19.38352190560882
orange,13.618801207416992
cotton,15.485238043359844
coconut,8.870803538622425
grapes,15.182052733204609
muskmelon,11.785233863320617
jute,9.854982223381183
grapes,15.566535621610184
jute,11.541658475209374
banana,12.43731757204312
maize,10.593520385192877
watermelon,18.08624948405041
grapes,15.024282981576455
apple,9.492278462512788
apple,11.997153170539482
jute,19.002898447911548
maize,7.61679462855839
lentil,12.40703929809127
coffee,14.804281505045502
rice,8.036206206499351
chickpea,16.071705795262268
grapes,11.65908662082915
lentil,16.412901324973113
grapes,12.00666528066528
grapes,11.59150627566927
lentil,13.4839621374172
banana,13.942034465482529
mango,14.676648301273934
rice,10.461287844917518
lentil,9.620972207380923
watermelon,16.757394365298364
lentil,15.23702751805734
muskmelon,14.415237683379573
lentil,18.928436604557376
mango,12.35876301013421
maize,17.403520580073994
lentil,13.24543892661376
cotton,9.66779043444074
mango,12.336907733595847
rice,10.38394081429634
coffee,13.009111670759747
banana,12.162061865355556
banana,10.86416399339873
mango,11.69299744906155
lentil,12.760528223434957
coconut,11.978770084850636
maize,10.597585053099737
mango,16.99083467617703
lentil,15.001045025921542
coffee,9.79122340425532
rice,15.477223557692309
chickpea,13.317026552329784
banana,20.30128316652278
apple,17.72190769896046
rice,11.254590578314666
coconut,16.02089337361676
rice,9.467739589310105
rice,11.99684520674026
rice,16.74924500243682
apple,21.473207487309644
jute,15.470896835407444
orange,14.51168733871639
maize,12.254186289900575
coffee,13.450412095092611
mango,13.090945194598886
coconut,15.746065500538323
muskmelon,18.028565899550447
lentil,15.842258688909444
coconut,15.046864319211508
mango,10.867373287969992
muskmelon,15.150993289187149
cotton,16.32014212653677
lentil,16.821846914405263
watermelon,15.451304750472367
rice,12.50289687137891
mango,11.801674746584396
banana,6.839238594096974
lentil,13.763255830232044
lentil,8.962950073676954
watermelon,14.176284469475586
chickpea,14.878774010959232
cotton,12.126376664460985
mango,10.452490579981104
orange,16.967376014598816
muskmelon,10.225510148807912
maize,15.00758335799368
grapes,8.498978057738787
mango,12.546956206177017
lentil,10.521787035640967
apple,19.86210301525401
mango,19.984106178252976
maize,13.236657728570192
coconut,14.78501788922692
rice,12.685475824124584
lentil,7.795444745152959
jute,13.128663527632842
lentil,11.452305162389148
lentil,12.898404125629265
mango,16.18985349852612
muskmelon,10.171579438653648
rice,8.312710466634597
orange,9.658910745742809
rice,14.60784029389018
jute,18.393874658939488
jute,16.396284481140928
apple,14.077014578069512
chickpea,7.406203630827194
cotton,7.803338268516509
coconut,10.919899612248274
watermelon,17.40779883975232
watermelon,14.869906922949829
banana,16.47424128772042
watermelon,14.777636458049772
maize,15.009933686885232
lentil,14.924609256782484
coconut,7.179340926683623
muskmelon,16.810362785824793
grapes,10.772805068076735
orange,10.37395656955885
chickpea,15.524422564068532
apple,12.537581531244214
banana,7.8995340704421615
orange,13.678644027262944
rice,10.25440765402359
jute,13.72482896458356
lentil,14.656739917771906
maize,12.75055947739964
muskmelon,13.152167818328744
coffee,9.760004846197011
apple,14.742613920881322
muskmelon,11.264499407700686
watermelon,19.05852146529483
watermelon,13.199833578698073
mango,14.17962790403841
coffee,12.683195124688927
cotton,8.95174011361756
banana,7.59187337366091
rice,11.70745042470781
mango,10.46079568636549
orange,15.833687807777212
banana,15.32601453733452
coffee,13.9338809476355
rice,13.024694416127588
chickpea,14.811230121043002
orange,11.63637050240174
banana,10.104208939966613
watermelon,10.490692832122786
muskmelon,10.759017250392054
apple,7.768380208121345
jute,16.128552283977534
maize,9.391536855762274
grapes,13.390402282952111
watermelon,10.94523103063235
watermelon,8.457838663949676
maize,12.444543000713002
apple,18.18301107592628
banana,9.75894029906126
apple,11.024292355875383
muskmelon,18.20780602008212
grapes,13.41194183165824
jute,6.752859778222112
lentil,9.484505924282727
chickpea,15.75677973780135
maize,17.64294639382208
watermelon,13.86402519341701
grapes,13.52356978401491
jute,15.152204848936526
muskmelon,15.326578390897192
grapes,10.192639445438871
lentil,10.64595187547818
watermelon,13.232817221952764
rice,18.17221219709804
jute,12.107421789479748
banana,13.623564488794852
orange,12.796142685286036
rice,16.447588144711318
cotton,16.75065820040266
rice,12.5415774311942
lentil,16.10218448213873
watermelon,16.910544305615396
chickpea,11.212663706946564
lentil,11.29161501925123
cotton,10.759570507834203
watermelon,11.705431119075046
mango,16.706824776937054
maize,15.787862103681794
banana,13.172951623011985
cotton,11.302621059227729
banana,10.646948240279826
maize,18.921089492572108
mango,10.785382135778535
rice,13.811609877979908
mango,12.275930934455909
maize,16.713090378679087
coconut,10.332707515503216
banana,17.46665139249529
mango,11.405455989110706
coconut,14.248218626875682
mango,16.02473309995434
maize,11.687942639421124
orange,12.915177712710252
muskmelon,11.081042005414242
banana,8.904052855791472
mango,15.712264844935453
grapes,11.627223402574142
cotton,11.99877505596288
lentil,14.340646777003483
grapes,12.922528769324847
cotton,8.77338647249504
chickpea,11.75923683919419
watermelon,16.652385147219775
mango,9.94310134702376
banana,13.336612303670268
banana,11.52584488345946
muskmelon,9.86847785971436
maize,16.525139489059654
grapes,16.63517531780718
jute,14.040373634558092
maize,15.909708387880167
jute,15.649459148141776
cotton,16.958847104495117
coffee,15.476148480030211
jute,9.347193442182355
watermelon,14.044539019801094
coconut,13.846253665879422
mango,10.749895875673046
jute,9.971365133841145
muskmelon,16.452502596054
orange,11.10524879142034
grapes,13.888388219975711
watermelon,15.749304631757164
coffee,16.104188506563855
rice,10.872234945544612
mango,15.346962160358595
banana,15.950241111360969
coffee,12.462589206900162
cotton,8.140606505856903
orange,14.948290868218058
cotton,13.11063372717508
watermelon,17.079165560479506
watermelon,5.121243205698932
cotton,14.965122288614769
watermelon,9.53723329931872
jute,9.726142319355212
coconut,13.439551250783916
banana,10.544547145852404
banana,13.485052082680472
coffee,7.149512154315119
maize,9.026264418811005
coconut,9.617911474917248
grapes,13.988832519787683
watermelon,9.2358382549858
banana,20.499874195902144
cotton,9.573740928084453
banana,10.945611263870202
grapes,12.213641326208124
banana,10.565553344615328
watermelon,16.199660000771473
chickpea,8.206611964182358
jute,6.024440093432261
coffee,12.79848621236133
watermelon,20.10131341476955
orange,17.87233444170656
orange,18.746051821266644
apple,14.805152207255269
apple,10.362662287267865
banana,13.333543716354187
orange,14.535572962205135
watermelon,12.069721438829534
lentil,11.429761860944458
rice,13.946130276032534
jute,16.94215172558136
lentil,14.965285449472916
jute,14.751317494600432
grapes,10.17504984512408
apple,13.262516757647182
banana,19.63633236442442
chickpea,18.556652532348178
jute,12.176428060635114
rice,12.128143780921986
coconut,9.423205738443045
mango,13.009447228592732
grapes,14.746818784678076
orange,13.9030134314104
apple,13.920506623805617
apple,13.565804476124232
grapes,12.937606594656057
apple,12.854630136600017
rice,12.576637046994763
cotton,14.52825111363311
mango,6.808779577552032
maize,9.893118708781673
chickpea,15.840498205998882
grapes,17.3695105986274
rice,13.571892903359071
banana,14.180865817091457
mango,17.41194898187514
muskmelon,18.142067034731195
banana,15.821161314326908
mango,11.82737507406676
apple,11.995968448263964
watermelon,13.089683231618714
muskmelon,14.94542792434135
orange,10.41423030042054
banana,13.706848426837931
mango,13.382999554708103
orange,12.31317542797029
banana,11.50470284060162
muskmelon,12.62003473619554
coconut,18.619676359789928
grapes,12.48731027078884
banana,10.847987522704956
orange,14.173453126082638
coffee,11.41605258848574
maize,18.264562280004544
maize,14.65434684247948
coconut,8.626587145615805
coffee,19.971349160863635
orange,18.031400806504923
apple,14.751915211558709
cotton,16.670396363346356
grapes,5.855665923373201
apple,12.38259799054843
chickpea,12.467778868171411
grapes,14.00148935128237
orange,13.409816425234816
apple,7.875342950703603
banana,15.760526051312974
cotton,10.815736500530916
apple,10.132852889726983
apple,13.871418142462591
coconut,16.557442877199616
chickpea,10.192409411436152
cotton,10.303789140616432
maize,13.198240217184065
lentil,13.045681812866864
cotton,9.026830596701757
rice,18.53996263492083
apple,18.32796638315692
rice,17.21925252367728
coconut,11.686410560162464
maize,12.681584611153914
coffee,12.618367666232071
banana,17.007883069277
banana,14.240738627448184
apple,16.50082415803915
lentil,14.369463521892206
watermelon,14.579878522968007
apple,12.567871167064943
apple,13.186473871093115
apple,16.06484962091975
orange,11.57768416117378
coffee,10.939611642332622
cotton,15.854800207576544
coconut,14.717678640135398
coconut,16.11374608471072
jute,13.72869668232074
muskmelon,8.948325172687355
grapes,12.624366974695477
coconut,9.996971752705395
jute,17.454250414899505
muskmelon,6.650009950654957
jute,16.4142206354316
cotton,11.005977546219896
cotton,12.750323020825784
lentil,9.842456429672712
coffee,13.99868162079415
chickpea,13.08509781072571
watermelon,12.533385268765864
banana,8.935547654002495
maize,12.106645755734167
apple,18.437452009878182
cotton,9.626499727757516
maize,7.136736585533318
apple,13.436453059892376
banana,15.500237108415456
maize,10.666966175776311
mango,15.63196652176734
chickpea,18.53675891225137
grapes,13.37144876824656
rice,15.656685157930486
rice,13.6551344649611
banana,16.39492352028375
jute,14.513119564355389
coconut,7.665543724218877
lentil,11.452316744300074
muskmelon,12.348237412734044
coffee,16.153139913642907
orange,16.32135108002202
grapes,11.855498010735085
mango,11.424389941781246
coffee,14.371303246811976
rice,5.620138165988455
lentil,13.341567233373787
lentil,14.98085448515371
banana,14.2689550429506
rice,15.525321467282788
banana,11.922338036279871
banana,19.80421668359333
rice,12.462027068898458
rice,16.16540837336994
lentil,12.872116154516824
orange,7.473196659446994
chickpea,13.290991862057853
cotton,13.618386732588467
rice,8.438999816816267
rice,13.171852694503928
mango,16.180694791483905
muskmelon,8.45661616252389
grapes,8.544828180173972
orange,13.201388849490248
apple,12.346314435114202
orange,17.688599687662677
muskmelon,12.095850910207284
banana,16.332999644519266
jute,11.981669664997325
grapes,18.90256285208736
cotton,15.060507961334556
apple,12.637284792253643
jute,10.733447703352232
cotton,11.667301378635054
muskmelon,11.95094939206288
orange,15.212976841104751
apple,16.81419403023961
banana,15.071965184082869
banana,9.467675685329048
lentil,11.668809457429331
orange,12.296357962615463
grapes,15.49158037451123
cotton,11.680064308681674
cotton,13.366889484849697
rice,10.627195176663106
lentil,10.341034278858304
muskmelon,16.83314881839472
orange,14.757675984541338
lentil,13.868348439326704
cotton,13.299032974324202
grapes,11.074707094116132
cotton,11.006143300983313
orange,13.507301783236755
grapes,19.969791773112085
watermelon,10.409027120441966
rice,11.28972697057742
grapes,13.138617899769317
grapes,11.912679301171115
lentil,14.105416875090766
banana,13.844296758442969
jute,13.551114206128132
coconut,10.416624968177468
jute,13.555717493927313
mango,11.76344487229237
chickpea,15.58516957598884
mango,13.851200091218336
muskmelon,13.700596426112028
mango,12.826946996148717
jute,10.124771527584844
muskmelon,12.75800098088321
jute,13.973729244544096
apple,7.887951233530723
chickpea,11.261061407954864
apple,6.23682384684569
watermelon,19.30498807369301
banana,12.914391287176432
apple,9.265496460684904
grapes,13.662862308605003
rice,19.66315472606864
coconut,6.397338548394236
grapes,19.5634221232476
coffee,17.04551463644948
watermelon,13.154924112186256
orange,9.070152234938458
cotton,12.548998078506727
grapes,20.19623770143497
grapes,5.732585586742887
grapes,14.388933742258494
coconut,17.023999148588967
cotton,12.446381076582528
coffee,11.177390109810156
watermelon,13.652033379434664
apple,10.6955952760932
banana,14.744622547712009
maize,16.78141935118724
watermelon,14.294221782858504
chickpea,10.324663328496706
watermelon,9.531858738393494
coffee,14.13979180879861
watermelon,14.64952883181387
banana,12.869966102454
chickpea,12.349852439638548
jute,9.058295935600627
cotton,9.65705168610148
jute,21.08681015609451
rice,14.795277981806882
coffee,15.22477994702042
orange,13.200819501643162
banana,16.51087123767591
coffee,16.126470378990376
jute,11.255524456026338
rice,12.507550043367504
orange,7.621251750906545
lentil,7.959844025345881
cotton,9.299377068143244
mango,11.84932686492598
banana,12.897650372313745
watermelon,7.963820339571152
coffee,15.19802583724034
grapes,11.052258711476862
watermelon,18.95133919353084
chickpea,15.3819107596673
orange,14.732562514840996
lentil,11.300796867675848
grapes,12.629439828341855
rice,9.252553743341704
coffee,13.22303576457336
mango,10.70842228359583
chickpea,15.602511851391062
coconut,9.356609565061634
muskmelon,8.794885071606407
chickpea,15.97054041900633
cotton,10.353924972663076
coconut,18.42048466813743
cotton,15.01377850928756
grapes,10.097677981133597
muskmelon,8.76208072456935
mango,10.914483440434998
orange,8.112923332640765
rice,15.51445687637094
coconut,18.79629392854533
orange,10.18938612852029
banana,16.584133011581088
rice,14.294260933896853
jute,14.06349366141987
cotton,13.066113440700608
maize,7.160726907481121
watermelon,14.899221931166844
muskmelon,13.92811143561025
jute,14.988404540651835
banana,5.852313132686965
jute,11.151137050794746
coconut,17.50030992978009
orange,13.210304079853564
jute,10.474622770919067
banana,11.152603589782398
maize,17.27293610205687
rice,13.257197368491372
chickpea,12.881204658266514
rice,17.3862587281892
grapes,14.249968632139876
maize,14.099843664846071
rice,12.304782925655603
lentil,7.49840918421207
rice,16.227721387731624
coconut,15.252207442124046
chickpea,17.817418916919348
cotton,17.605539858370673
watermelon,7.196776095930803
jute,8.048534478302251
rice,17.674865623895702
cotton,10.600969193327057
grapes,9.94284471509352
mango,12.509053644126816
chickpea,16.508334249009874
muskmelon,11.79576154998884
cotton,10.811264314562834
cotton,18.3275920985582
apple,14.826213403481209
maize,16.200409038958956
orange,12.766636890466977
maize,11.540029413982955
jute,10.979377284876753
coffee,18.37594958761421
lentil,11.920829849687468
jute,15.440265124013395
mango,12.74447128287708
apple,13.805885141087796
lentil,9.850966358793332
muskmelon,11.997680201352455
grapes,9.022474435329812
cotton,17.08510583442906
coconut,10.167581844720928
orange,16.79433352153159
chickpea,13.635207444746024
cotton,14.069447576099211
apple,16.46125901544121
maize,19.174687930471336
grapes,15.28594313175811
maize,15.293389532894412
apple,9.316963399823788
chickpea,8.796785252117056
chickpea,12.637500674618169
orange,10.634178681378977
lentil,7.378583604525026
lentil,12.724147490989742
chickpea,14.76237989652624
lentil,16.193228627665835
mango,17.678744251492898
mango,13.614967008558176
chickpea,13.841957939830593
lentil,9.067210897382187
banana,12.159025086903412
apple,13.580711490344518
grapes,10.98235870630513
watermelon,13.240532515576325
jute,10.5693292421393
jute,16.31283881460065
grapes,12.834775474714611
chickpea,14.316418503640827
coffee,16.333488204975716
rice,18.20840134828602
maize,15.31436211288222
lentil,13.760613553376844
chickpea,13.669240995890744
cotton,16.640280211562136
cotton,16.025103898507563
grapes,10.023268615231972
rice,10.014441001012354
cotton,14.106045700873286
jute,17.174172965826457
muskmelon,18.773246805961875
chickpea,12.182580216659414
watermelon,9.306753297893286
lentil,13.404923979945378
mango,12.883318013675597
rice,17.145588363130596
orange,11.45133742146646
grapes,10.330674904873542
coconut,14.722041112956813
jute,13.056043416802774
cotton,6.428517088352257
rice,12.848347469646749
rice,14.692910187978647
muskmelon,11.815987089251724
maize,13.0575094427142
jute,11.74424081031495
mango,11.50887770810322
muskmelon,13.510433359348433
banana,17.197103900535602
chickpea,8.684706193578254
mango,14.053504958514472
orange,15.556567821841137
maize,11.184846925649602
banana,10.799924683782644
cotton,5.795620458450792
lentil,14.917017586318169
maize,17.43665397908737
jute,15.126766142876006
coconut,13.110392532151373
grapes,11.70136298240743
banana,10.70615738172597
maize,15.082867182250448
lentil,14.590329965084283
orange,13.41229799813455
muskmelon,13.91009450505113
mango,16.862912152656275
chickpea,13.801466665664844
grapes,6.282168071707232
orange,12.381067615658363
coconut,9.184218438119522
maize,10.339835038408438
watermelon,15.20232374255358
apple,16.569612167757544
jute,13.292796999207429
rice,10.265822676751291
lentil,14.865590299066696
grapes,18.12549651480544
chickpea,15.747293419843633
orange,14.589082962119438
mango,12.138306764403444
apple,8.432042906330008
mango,17.740234459488686
apple,18.07505988583845
banana,14.618850110358991
muskmelon,13.03091374948161
chickpea,14.087464869027734
jute,14.27648030802967
coconut,11.737076490078024
muskmelon,11.157548066617585
banana,4.3617663396141415
mango,20.03119813034947
muskmelon,15.168936299908564
cotton,12.464407958559844
mango,9.490804187788164
cotton,16.097231154294054
watermelon,21.446560417037063
orange,13.755582157913912
orange,14.183477962465606
banana,15.624967111111111
lentil,14.180050300371889
apple,13.501458771372224
lentil,13.024692114303638
orange,12.240563205300756
muskmelon,19.19174028254601
cotton,15.5465979644702
mango,15.03989751362275
maize,13.90776673223114
apple,13.424341346580324
rice,11.565597108908722
grapes,12.614794538646056
watermelon,13.10930627088857
chickpea,7.0827243815396566
maize,13.082326389893543
rice,11.626943299217714
coffee,13.4131136001325
coconut,11.537964933569068
grapes,11.326114141483886
coconut,12.550990156191846
rice,8.91244916041291
chickpea,15.373178870554808
lentil,14.935943577198572
grapes,15.940373878219182
orange,8.959215470625974
muskmelon,13.72987888891426
muskmelon,11.541972365674711
muskmelon,12.945240118556594
rice,14.043126931022504
jute,7.854277138136554
orange,11.057294850180348
banana,13.759245893624204
banana,16.321697725691386
grapes,17.39312425573175
coffee,7.610655592233699
jute,14.85746370724888
apple,7.284919219754688
chickpea,6.899940336733653
coconut,13.949787557251035
orange,14.723110273448306
coffee,8.930270510284695
watermelon,11.061281880394674
apple,19.019768283087515
grapes,11.007512321163691
coconut,12.449082966946971
apple,17.667344041664368
cotton,15.537106900195566
mango,13.830379221171452
banana,14.630613968075268
cotton,12.298575443356912
banana,13.257765946833308
banana,11.638209068487951
rice,14.59786814448688
lentil,11.52608439493986
mango,17.137322558528993
mango,16.408181863370505
muskmelon,11.045641594006993
banana,18.17903740214555
maize,12.268299007094736
banana,11.87586336023966
cotton,11.49448707287157
rice,18.23967752943184
watermelon,8.845083052107915
apple,16.731148705044035
jute,12.813605227564866
cotton,15.176488043541196
apple,13.55915161272581
coffee,12.658781392196143
jute,14.79492179512842
grapes,13.82411408486168
mango,9.413055548032393
muskmelon,10.992159793593595
jute,16.56959893378921
mango,11.325042246568062
chickpea,13.477614280799234
lentil,8.61915726383037
apple,8.668645015034397
muskmelon,12.458804892128828
orange,14.324066870339095
banana,19.40906630124008
jute,16.27236811172737
orange,17.132547864506627
orange,13.526029325745784
coconut,10.970156471562175
rice,10.060098796652488
jute,13.228961647619151
muskmelon,14.798010211947796
apple,9.729974102518309
maize,8.677986665975679
coffee,12.06979121682956
chickpea,15.026123647751408
muskmelon,12.697395098957422
watermelon,10.411923579287595
chickpea,12.934526159921026
watermelon,14.984377966959933
rice,10.10925096626556
cotton,12.760898980116288
grapes,10.824830456009025
cotton,16.876286816653497
grapes,17.162312458684966
watermelon,7.535829322138178
jute,10.612890899372262
banana,10.071579061549564
mango,12.963366026459743
cotton,15.456539362277066
watermelon,14.38614671636082
lentil,11.499192010365562
banana,15.339393112155673
apple,12.226365039273595
maize,16.169847504733536
lentil,11.196877650535429
chickpea,14.973287827275596
lentil,15.769601634584088
coconut,17.159618390053883
chickpea,15.602327443548818
watermelon,17.224497496055427
apple,9.790643198851363
grapes,18.854366845080715
lentil,15.229286465374791
banana,6.401288511832621
maize,13.69629791757864
banana,7.015769339905206
lentil,9.339067874872464
muskmelon,14.717859256823417
grapes,13.966281310211947
watermelon,16.535730778971207
chickpea,12.060001379228815
banana,16.328016681404822
muskmelon,13.79256877060348
lentil,11.64074186053913
jute,11.093833787648585
maize,14.8997851525552
rice,11.875282491051903
cotton,16.949885606521907
coffee,13.852713900694262
banana,14.682765788727234
apple,10.49382548905589
cotton,16.683734003825684
apple,14.998877004863294
coconut,17.38537524465074
lentil,10.577998663727344
mango,9.757741559159223
cotton,15.400358086143845
rice,14.165490436739288
coconut,15.537606030697049
apple,12.898620067027611
lentil,17.667659684984034
maize,15.095475149749069
apple,11.765074093799932
lentil,17.59869462377065
cotton,14.61526995521304
watermelon,11.068201419757182
coffee,12.982458078748971
maize,10.751805707483433
grapes,7.445745386158693
lentil,15.651760670425672
coffee,13.585662148743278
watermelon,17.669042072409194
coconut,12.56363560068818
lentil,10.601136337175458
apple,6.303454036973814
maize,12.044616266110904
muskmelon,13.386212719214958
jute,13.994447723084706
apple,11.558385842992518
jute,14.452591262543622
cotton,13.48658279583626
muskmelon,14.315953588488531
maize,14.276773661316934
chickpea,13.069747025942382
apple,11.57799486990625
watermelon,15.235856581138378
chickpea,7.79142776576746
rice,17.159916477084604
cotton,11.02503371998921
apple,18.103964030707875
mango,13.263191701836174
watermelon,13.75869201221314
lentil,12.27752238390132
muskmelon,17.540904273063948
maize,9.034181815587964
rice,14.423543197079637
mango,11.476238954269656
rice,12.563189520595134
watermelon,12.402091620044816
coffee,11.66016016235877
apple,15.332579292440792
chickpea,9.451921246636726
muskmelon,16.087749400870685
apple,13.167492333097428
watermelon,16.420314280982396
banana,15.108191806082443
mango,10.398946449947358
maize,10.542653319342316
maize,9.228129533527412
grapes,13.684584016065244
chickpea,17.155431648805962
apple,15.22580116564312
maize,12.711308365127568
coffee,11.428455977804363
lentil,14.017015955996234
coconut,13.782720616070172
watermelon,11.48391858243494
rice,12.82135273288854
banana,13.575381174452644
coconut,11.433778067733828
banana,11.454046700417049
maize,6.950772500613096
lentil,11.129335072610196
orange,15.558703335272352
cotton,15.63216684225727
banana,14.401858070793342
rice,10.889759086206848
maize,12.103011038387434
orange,11.028954035468692
apple,12.41165758250382
maize,13.893813075910488
watermelon,9.288034763861752
banana,18.78334223102701
orange,16.23673200662164
jute,11.884703405585723
orange,17.587081453690057
muskmelon,14.000361389463926
mango,6.818115953906929
apple,9.451258940167186
maize,12.383256595867469
grapes,11.542926443282514
cotton,12.855046848101765
orange,15.455281505360222
maize,13.40713067098918
coconut,11.671805941001129
watermelon,15.298507984817476
apple,8.24608866576354
lentil,17.64960302437308
chickpea,11.066133077604013
mango,11.340836834602545
lentil,17.19085515030511
coffee,8.342371907460008
coconut,13.520432608783112
coconut,20.750178695403857
coffee,13.18531277936463
maize,12.302177586923396
banana,13.377879678367297
muskmelon,13.36842160582714
apple,10.993798179063385
orange,13.161419031719532
rice,10.816909685140365
mango,9.135770361515847
grapes,16.58030027728593
mango,14.026431105697943
muskmelon,9.431459547050428
maize,13.287822151060752
coffee,12.450889314378292
rice,12.695223695715534
apple,9.030330757183712
cotton,9.214744084452365
coconut,10.450730882974227
coconut,15.424942719580718
banana,12.40682581004899
muskmelon,16.11011432478415
chickpea,15.10554748369104
lentil,9.390235153665856
jute,17.36697148338981
banana,13.551562471770724
muskmelon,11.423807920384608
chickpea,11.536700505493586
rice,12.511460946284924
jute,13.136173648818488
apple,13.765206850603194
apple,13.813510457462504
orange,15.353274507744205
mango,17.07280854999486
coconut,14.936667247777256
orange,14.012941320363389
apple,14.426353612151766
muskmelon,15.887884674556489
banana,18.394726152916064
maize,13.35626653070329
mango,8.90349807309533
coffee,9.59276370443644
mango,16.71054643991156
cotton,12.774697219714186
cotton,11.60660689103576
banana,15.772866176350856
cotton,17.630964473701567
chickpea,19.036179750497904
coffee,8.737043536463451
muskmelon,11.846954833546045
cotton,13.78234499464294
banana,18.24297602524045
cotton,17.245708926279566
lentil,9.803320743365198
mango,11.104751728052896
mango,13.31564481092344
lentil,15.49705782505375
coffee,15.04006964105568
chickpea,12.250355524688295
maize,17.30689134477354
apple,17.89214066120738
muskmelon,12.204441987291055
watermelon,12.8744449366893
orange,15.111808909126124
watermelon,16.546774358450058
watermelon,11.521612745675936
grapes,8.504347545271791
cotton,14.402122211735245
apple,10.715957067861044
watermelon,13.82773423535738
maize,10.400757871708729
maize,13.998950760698492
jute,15.175424276836692
apple,15.130001926906033
apple,13.41075364909145
apple,5.721324118292647
lentil,8.864005078648516
chickpea,14.634240976339877
watermelon,15.424906933457423
muskmelon,14.083691934742156
orange,10.719321664035656
apple,16.742322452599872
watermelon,17.01711916193802
banana,15.315623490139238
chickpea,12.473378144435207
coffee,14.97524922200538
coffee,15.570737621653508
orange,9.401034840274654
jute,17.68497813886094
grapes,13.380362644454998
grapes,17.235561424196636
muskmelon,16.975131442349554
mango,18.39553060563532
watermelon,10.219537344754889
apple,13.691910180669549
lentil,18.878542058622475
chickpea,9.933564572534928
jute,15.51474678061172
chickpea,14.380945972790949
watermelon,15.779761494450954
banana,16.79037051290274
lentil,11.55601974730506
chickpea,9.26736586598647
maize,14.047427854454202
chickpea,18.14501619056779
chickpea,12.038218623481782
banana,11.100712824417675
jute,8.52769056585593
orange,14.829228062721247
maize,17.428493894165534
coffee,18.418120066280377
banana,16.05237160440075
coconut,10.11535896969612
coffee,17.31069011782856
banana,17.897558487919934
maize,14.905387455463345
rice,8.479201718658539
watermelon,17.91274453344502
coconut,16.34831208493481
coffee,11.20205273098287
cotton,18.82595656582008
lentil,15.777106398089336
jute,11.2949498549357
chickpea,9.184743604583865
muskmelon,16.379101286683312
apple,14.935317255733134
jute,11.097807579669498
cotton,22.18138975028562
coffee,17.05183678837729
chickpea,13.092853987105276
apple,15.62930034701773
banana,11.596804511278195
muskmelon,13.987939059863598
apple,19.188462564656767
grapes,8.94848427314727
muskmelon,17.491016837278245
cotton,10.290225560708972
mango,6.992249072531066
watermelon,19.815105832690847
coconut,19.035779572277928
coffee,14.865171627589204
grapes,14.72807556667691
jute,8.970885449791535
lentil,16.26653059337674
lentil,9.627058066668257
muskmelon,9.315968683405911
maize,11.867289313640311
apple,8.126200991828808
coconut,15.105745835672844
mango,8.914987107513547
chickpea,14.052411982031469
maize,9.088490539194764
jute,13.407796893562722
lentil,7.360153497955342
coconut,12.550121459582387
watermelon,12.835405424679678
banana,9.005946468963662
apple,11.369771329429993
grapes,11.43125211808742
muskmelon,13.757366119628587
muskmelon,13.296770137524556
grapes,15.596445102018375
muskmelon,14.553705553801318
cotton,13.95339398378644
grapes,17.241441668959112
apple,16.244376723262224
rice,16.686211352430423
coconut,13.556662387895848
coffee,11.728011624458164
coffee,13.69002002788022
rice,11.342594366736924
mango,11.616283547726637
muskmelon,14.54516160061562
watermelon,16.650111887066995
rice,14.593930048986016
watermelon,9.45095486937878
cotton,15.356230437357244
coconut,10.256216275289264
cotton,14.476113559271903
cotton,17.793449569324814
lentil,8.62371754253884
maize,18.06152882635018
muskmelon,11.498688283255325
maize,13.917359317084127
coffee,8.714631477884208
mango,17.173404178355828
apple,20.43122287865321
lentil,14.645276805927146
coffee,13.91517724994641
jute,6.06235735068984
coconut,17.952501930309598
lentil,9.4846714485427
muskmelon,7.107906435865444
banana,15.800706027632614
rice,13.871958725307389
muskmelon,15.25873949738576
rice,14.598483732221917
muskmelon,15.334429411881228
coconut,12.89630060099602
apple,12.13036007660377
coconut,16.371200267948993
grapes,13.959945605142789
banana,12.277424152665214
muskmelon,14.349788863117444
lentil,13.547292233104091
mango,12.931128072808145
chickpea,13.401046362118144
coconut,10.995222958859324
lentil,8.58036291806263
apple,16.005122598149388
banana,11.408215975507932
lentil,14.179644552977887
watermelon,13.23232348554167
mango,12.235657187466964
muskmelon,16.292325772635152
banana,16.511936303482386
coffee,12.57856266936028
muskmelon,16.12443802249133
orange,14.09769601114847
watermelon,14.883511978628276
coconut,18.033827854631152
maize,20.021350811313606
watermelon,15.782373586505376
orange,13.257238911849978
coffee,10.472341954022989
coconut,8.402258021785427
watermelon,11.115231763482395
muskmelon,20.71087359581197
coffee,9.927175815534472
watermelon,14.278523675002605
chickpea,16.032785499485414
maize,15.493398543271551
jute,20.190547759429087
coffee,15.113261286738712
orange,14.161207600488105
mango,12.30722891566265
rice,10.0550581915846
muskmelon,16.634182873320842
lentil,7.322285331570524
cotton,13.934995884220603
coconut,15.059028922074631
orange,11.25856077147016
mango,13.020113366952142
coconut,14.921161634756997
apple,12.94456561200842
rice,15.554856203607734
jute,9.54019983260871
rice,14.301052716601154
cotton,8.502063994903061
grapes,12.866873498140162
banana,14.751819588768516
muskmelon,14.167815910792388
coconut,11.319897257608384
mango,9.294243010728628
grapes,14.389296640016452
lentil,15.266719952141145
jute,10.51893714273365
orange,6.383370683630931
watermelon,4.158698438512108
maize,14.418196696599695
grapes,12.69150829466726
mango,12.035685340826554
jute,16.827976187059033
maize,17.143914473684212
apple,15.574199871573896
banana,16.617478078807146
apple,14.476655322902335
rice,18.41989230683828
grapes,12.964973444651722
banana,16.51822897973833
cotton,10.68879745993316
coffee,14.525192840189872
watermelon,13.008024373498111
rice,14.475441106342394
jute,8.376596569004173
cotton,17.0377940053868
chickpea,12.79645143974541
orange,16.463654494188845
maize,12.257781773232947
mango,13.105959155869035
watermelon,12.24424520330492
mango,10.753037240284964
lentil,13.733491110019154
muskmelon,16.137495816252677
muskmelon,12.171688142194933
lentil,12.62249227600412
watermelon,18.46933005697621
mango,16.774001752409564
rice,16.159551388728698
muskmelon,10.953867813844347
apple,21.29759254249985
cotton,16.398202917926515
grapes,19.281605044829227
cotton,12.414729711781112
watermelon,18.140678786895645
rice,10.052441012441012
banana,12.24730899272968
chickpea,9.378882745269635
lentil,12.165155839871485
orange,17.608602633121205
grapes,16.159523809523808
lentil,13.434382121450046
banana,14.1966976217948
banana,8.905894037808613
rice,14.60093694415913
muskmelon,9.672407257938648
muskmelon,11.246602309123428
maize,14.074616974251658
banana,15.014689073590972
maize,16.910703552212986
chickpea,17.296687956702463
muskmelon,14.023792182568585
grapes,17.217233424470265
maize,16.26388659963738
chickpea,17.23512248988628
coffee,11.52721482339317
rice,17.597429329430064
grapes,6.072474581735696
lentil,16.235950821855315
grapes,11.12355922188892
jute,11.527431009144353
watermelon,16.66562198268357
apple,17.340786468669904
muskmelon,14.868447041054283
apple,12.993160978372138
muskmelon,15.534268200520613
rice,12.989559082892416
mango,15.955715136124905
muskmelon,18.5622494121039
coconut,15.13736785809303
watermelon,15.59648442065403
rice,16.240910536170613
mango,12.348467995290312
chickpea,10.6604445792037
grapes,8.274043647830055
apple,15.730105830286703
mango,16.255426655989343
coffee,17.70277498002987
watermelon,14.79706176900249
lentil,9.702275765196312
jute,12.01925813208964
lentil,13.262881835331784
chickpea,8.040113614261966
chickpea,18.60819902988578
mango,14.113549643032885
orange,10.450364921435794
banana,10.10483771815577
watermelon,17.008347363660636
coffee,13.931833695539437
muskmelon,17.93012022652252
orange,10.63553187606674
lentil,16.803505969446448
rice,15.37753828428784
lentil,12.882549409003536
maize,17.179008271221292
rice,5.949524571622716
grapes,18.43349862304793
orange,10.059938741247986
maize,8.779241535883376
apple,13.614740338595611
chickpea,10.25055256116949
grapes,13.774028820594133
muskmelon,14.378952653439708
jute,15.760277254041355
mango,11.391228831958315
grapes,11.2184254680109
watermelon,11.076074339482966
maize,13.526639629430829
watermelon,12.277707228291517
banana,15.19901320941889
cotton,14.283494254035656
rice,19.83539578199593
grapes,10.839452163754318
chickpea,9.537006279116872
muskmelon,20.17231326027948
coconut,13.28562436709064
mango,10.80879866150116
coconut,11.19595266284013
cotton,17.040496214931135
jute,8.928357750361668
maize,12.143163034560049
coconut,15.729395784134738
lentil,15.231504998019432
coconut,17.280545490617857
mango,14.820978237180489
banana,11.125942524321204
maize,7.125567789881952
maize,18.603176640462056
jute,14.932623754012504
coconut,15.500742560642454
cotton,7.3936131893916786
cotton,12.452408052927366
cotton,11.567827960760376
grapes,16.375151644901162
jute,12.91788770989035
apple,13.473965486634714
rice,11.52433099602627
grapes,6.094427432051348
coconut,15.420242276682366
watermelon,15.854436638250704
muskmelon,15.754078196177568
chickpea,14.553355966080275
lentil,13.099423744154471
watermelon,12.236250514406882
banana,15.647567973983504
rice,9.2485614210658
muskmelon,16.79194960144273
jute,14.090820646314848
orange,17.804433266481208
rice,7.62350733940624
orange,17.24933991042557
muskmelon,12.82090964794671
cotton,19.08980784448999
apple,9.778036717124204
grapes,11.713310361407164
watermelon,12.484258321137752
jute,12.5069327020629
mango,15.604124545086938
maize,14.983119173595364
apple,9.534465190372996
maize,9.99224425146103
cotton,17.93683247313617
jute,16.04823088596342
chickpea,17.236652327935225
cotton,14.293411996066864
muskmelon,12.820094906786409
watermelon,17.59548922745232
watermelon,17.43864174432193
banana,8.988118646010598
lentil,9.15513073232417
chickpea,11.12807592505892
chickpea,9.148534563332548
chickpea,19.52857002729198
rice,16.06267372412253
orange,14.1131934199699
banana,16.770145721758624
mango,13.884499467757742
banana,11.083402335091824
jute,10.480079118395029
mango,14.110222293684927
apple,13.555599993985778
chickpea,9.575551905269048
coffee,11.86705208448336
muskmelon,13.592363138971937
banana,13.87229181603266
watermelon,12.854667347759197
apple,10.84190886838107
muskmelon,19.72836475046166
coconut,17.432676138394925
lentil,12.07849861307803
chickpea,15.712422010828757
orange,9.056606037748786
cotton,14.49568603563426
muskmelon,12.226428804999454
mango,14.263070165398045
banana,12.628645393824106
grapes,8.573617131512362
coffee,10.542869741599787
chickpea,12.504512812651203
lentil,15.636800027084805
apple,15.39724672411156
cotton,14.382377516915302
rice,11.239252908756889
orange,8.842539837368728
orange,9.470814895305365
mango,17.544983611303547
maize,12.56747499764868
lentil,7.345002672367718
lentil,12.191672995190322
cotton,10.987821587208524
muskmelon,9.569355862264812
mango,15.434081942412512
orange,12.053735728781485
coconut,14.324904235958872
banana,13.158869944030926
rice,16.676052855604798
chickpea,11.325953718529776
coffee,7.011972980759997
coconut,8.465735586387483
cotton,10.00799465101936
grapes,16.65698927625092
coffee,17.53850930928034
apple,11.674891087321424
lentil,8.78700328897316
coconut,13.07665489740994
maize,13.778973442702837
maize,15.783826520527684
watermelon,17.8884526261586
apple,12.395556658136645
coffee,17.633090899158475
apple,10.620102252851568
cotton,13.046405245296915
apple,13.154267783112394
apple,12.901560163047549
muskmelon,14.42542271029469
maize,12.000498581481493
orange,12.263435546892874
banana,11.40366315472073
cotton,16.980319979602896
rice,16.78043980696075
coffee,8.271961856958896
chickpea,13.9034346043522
grapes,18.16120893831737
jute,8.866333514258798
mango,10.97225409882631
coconut,9.339004531378905
grapes,12.496713148941684
apple,10.083004298098638
chickpea,19.4095550077111
maize,15.693719146822318
orange,12.508691806302265
apple,16.959703085921642
watermelon,11.65540403064838
orange,11.877711189650954
jute,7.905672904208635
coconut,9.874307435041604
grapes,13.237851003813024
cotton,14.44545419064072
mango,11.66354469969156
muskmelon,12.638738158741836
lentil,7.421750293746463
muskmelon,9.024126535368392
watermelon,16.25917042492216
orange,14.86076459215614
grapes,10.49555647174695
grapes,12.811714037571532
rice,10.311190619772256
muskmelon,11.903006859090985
grapes,13.703129412207655
rice,9.293165161070394
apple,13.383975562015417
apple,12.058860430399706
grapes,8.646731706042916
chickpea,12.411972500139736
banana,17.057367896805843
cotton,11.51490306144094
chickpea,12.008053594322758
orange,12.789900976369218
mango,15.364391894661038
coconut,15.986073868372763
grapes,14.577719347051591
orange,9.22008481733724
grapes,16.632852373460224
orange,17.66844790287689
coconut,12.12541503576731
coconut,19.02364706913681
muskmelon,14.74055453459203
mango,8.25171697710627
coffee,15.862823200116518
rice,12.20826517604944
cotton,15.742384210295231
rice,13.817742935601029
orange,18.589941151489416
coffee,14.52295416247752
mango,8.614538466635743
apple,11.546399297423887
watermelon,10.456825291858484
grapes,15.574309327394346
coconut,10.174878393739922
watermelon,9.461510744660131
coffee,16.01097014925373
banana,7.396759184983154
coconut,13.338937636910432
grapes,14.826226880394572
rice,15.094603659406843
coffee,10.713797686615417
apple,17.773918801523614
lentil,16.433208003360345
banana,12.199709843382545
jute,11.745084056363323
lentil,17.219615575113345
orange,12.881408430389788
grapes,19.327654138371543
grapes,15.136368934868134
watermelon,15.615171279872817
jute,15.976090444986577
cotton,18.33868783804781
coffee,11.435321520672156
maize,13.345443949497984
apple,14.979711198885864
mango,9.783342039789984
rice,14.902548600241358
lentil,14.195013606531136
orange,11.832694979535129
grapes,10.03152030035378
apple,12.82899065957118
coffee,15.999211921478722
chickpea,13.777664848785324
coffee,12.860761687260752
jute,13.763166375917214
muskmelon,14.827576325935189
chickpea,9.069951648230546
mango,15.023276837656711
grapes,18.34120708858526
chickpea,11.356260869119131
chickpea,13.424663628216946
watermelon,19.72033235581623
jute,10.128106500804758
coconut,14.731661195009847
rice,15.85480490424421
watermelon,10.666683347204518
banana,14.971465783335113
banana,9.319530331680893
banana,15.733270860551174
chickpea,10.77428139183056
orange,16.0516172717329
lentil,14.381977252843392
cotton,12.611975514687456
rice,18.685030362208728
watermelon,15.082599084653944
coconut,16.00491001742664
maize,15.752542417507192
lentil,15.484874052199784
apple,10.770143728222996
grapes,15.818709576126125
banana,14.477239211813457
jute,14.03515406725942
muskmelon,15.39493613171187
orange,10.895902113610838
orange,12.86669024430056
apple,13.935253078496908
jute,15.611205945190736
orange,7.730219095581745
maize,11.53211943370816
watermelon,19.8482292486459
rice,7.976349319188494
chickpea,11.169207022959675
lentil,8.917304515738781
maize,16.637256906442804
coconut,17.829703992926504
coconut,11.480040367125872
chickpea,8.184749983209947
maize,11.73349920340982
lentil,11.992982572175006
rice,10.661968280161348
coconut,11.91881943205324
muskmelon,11.849930923931955
lentil,12.957825450999511
cotton,14.777773118933313
cotton,13.672066251271085
grapes,11.484543160713365
apple,11.918813817719636
coffee,16.0808770902466
mango,14.98932746511072
mango,14.417161655084218
grapes,13.544942261212068
maize,13.204394702337009
apple,12.173988951601617
grapes,13.014679837429007
orange,14.78590010604292
maize,12.942356125249033
chickpea,8.705671445171474
watermelon,10.508347712674787
chickpea,9.802843214327668
rice,16.16071843675869
mango,13.392299940570012
lentil,13.062473322727095
banana,18.596862394790257
lentil,13.19263589132887
apple,16.91879388395009
banana,9.94754456350617
chickpea,17.964367432755743
jute,14.93757533510507
rice,13.25825441515229
coffee,8.302543805521376
orange,16.0446711050943
watermelon,7.707981090375714
grapes,11.839533705918416
cotton,9.554594285211111
chickpea,14.1147524636021
cotton,13.271019193400418
muskmelon,16.723524510947446
mango,19.42541552388232
coffee,15.289406850970732
coffee,13.544435476360476
apple,8.028933590520804
apple,18.0069515335116
lentil,13.884554184102068
mango,11.416563629128955
grapes,12.31976785896337
cotton,12.709285898871563
muskmelon,13.002743320610689
orange,10.083313966999768
cotton,12.89918944472183
watermelon,14.129670467490934
mango,19.46199482585621
rice,15.911933854114862
mango,15.693861187057855
grapes,7.282859837321703
mango,12.623800403726197
muskmelon,14.144276530015864
cotton,11.239240897156357
lentil,20.00015480475251
rice,16.08713102938549
cotton,7.198330372466953
grapes,15.794067871420104
banana,10.445762882676696
apple,15.948237798444856
coffee,11.833907604313646
lentil,16.956150390496983
lentil,10.275628563417142
maize,14.310890708126257
coconut,5.954282903008327
watermelon,9.7822112285187
banana,12.93692981775335
maize,14.25762778749578
watermelon,14.830375848299818
maize,17.174864855790215
lentil,12.35829310826175
cotton,11.629589316020212
rice,11.543170231153848
banana,15.101354475977216
grapes,16.803171905975645
rice,11.67740592396002
muskmelon,12.04951836112962
orange,12.37375340572814
cotton,12.37673054195509
watermelon,12.223012798509291
mango,10.34275719881384
coconut,8.199802139596045
muskmelon,18.78123586161728
orange,13.749052959964349
muskmelon,16.458205239102735
watermelon,13.292642055033872
muskmelon,11.291807634450125
coconut,13.834869531351424
watermelon,17.45004555272344
orange,16.54827030051677
muskmelon,8.196195678770676
chickpea,12.81417098260603
chickpea,16.270852837081858
orange,9.988828806170355
maize,8.8705319733002
maize,10.442241118063354
grapes,14.357061449912376
chickpea,14.924582262032354
watermelon,11.85044064203969
coconut,12.082661065730656
muskmelon,10.369112435205691
rice,13.265640073119446
apple,15.352193212230494
watermelon,11.89758860993876
cotton,12.930931204667091
muskmelon,12.7920323488045
apple,13.87211669958973
grapes,9.615614245426348
apple,14.730142763652228
cotton,14.116618262649975
apple,13.980897800361925
maize,13.560270024505646
watermelon,8.369687393619413
grapes,17.853282424102176
coffee,19.26560050803532
coffee,15.13051592394085
watermelon,19.330420301284644
rice,11.112147366168552
coffee,9.215869974523178
grapes,13.25584148797296
rice,17.339117996329485
lentil,8.04999648882797
watermelon,11.552632572094405
coconut,15.472934740622422
mango,10.87302987362272
chickpea,6.997550644360302
jute,17.55039534489642
coconut,7.462371248633802
grapes,13.69068064219472
jute,14.416952411012751
watermelon,11.60019393822274
watermelon,13.970339927281344
mango,12.259923381514986
lentil,14.707702961345737
coconut,8.67707475743357
coffee,9.053853356148904
coconut,14.457287841624286
cotton,14.52298207289993
chickpea,9.920517710223075
coconut,14.300290020444065
muskmelon,12.01970705725699
banana,10.14452859062182
banana,11.312837407013816
mango,10.045974178915689
watermelon,14.875675640239804
lentil,18.715714551544472
chickpea,19.964949176305645
rice,13.084842720595802
banana,8.711764745707631
muskmelon,14.367043059918094
apple,15.4867264797278
mango,14.536576485301334
cotton,11.107597224852377
coconut,13.300650532654505
lentil,13.702529773906498
chickpea,11.221247125733024
chickpea,16.475351410919238
lentil,14.834495471062391
cotton,15.023128639644732
chickpea,8.503867752380716
banana,12.387520542317173
jute,14.57446516573859
watermelon,9.820091359110108
coffee,13.218663982695055
jute,13.358603149760343
muskmelon,15.346498699751333
rice,14.730061904293995
jute,16.476348411235445
apple,11.14639824312934
coconut,14.460674835807987
jute,9.856552271656415
jute,8.257460964207501
cotton,10.099393904699207
chickpea,10.251824043437685
lentil,15.855359575962089
grapes,16.144676208762437
mango,17.844835829866874
orange,15.33771359860561
cotton,18.02959840838343
coffee,9.459365925174096
lentil,15.237512101674664
muskmelon,13.544756021149595
mango,10.095558707895911
muskmelon,18.4085805944574
chickpea,10.674624641201149
maize,13.208689342672256
banana,10.694748409072368
watermelon,7.710498583773281
chickpea,9.30921708208231
banana,14.68066039652548
grapes,18.227598238288625
mango,9.57477256375057
banana,10.54414140667191
maize,13.052971741430015
grapes,11.550650519730857
banana,11.06093024591105
watermelon,10.472703930878488
coconut,11.21868011083039
maize,6.947018777894326
cotton,17.91344329328524
apple,13.996909846108794
rice,10.465599265646928
watermelon,14.895592644978784
apple,11.644315192142994
grapes,13.104789212428052
apple,10.677707242021864
cotton,14.70295652173913
banana,14.084725992404238
mango,12.897593450935236
rice,5.241835224008855
apple,15.302766011568364
maize,15.452599404168753
lentil,18.593536661986143
maize,14.20605232895992
lentil,13.219853328298916
orange,14.198485284099888
cotton,11.700481887840043
mango,12.62655331898821
lentil,9.328541540122831
banana,17.495385905024023
lentil,6.903974651693771
mango,10.452987711047054
maize,8.684259883590258
watermelon,7.93666249776666
coffee,20.06640286848508
orange,8.914359468165522
cotton,8.924271793101616
apple,17.644536808418497
mango,11.912188872620792
muskmelon,13.296570259727906
banana,6.934232433761777
lentil,15.412764120693907
grapes,8.582238840299361
apple,13.639931004743424
watermelon,8.803162456306719
mango,16.060238571095322
lentil,17.099494310419132
lentil,10.028096065134903
apple,18.50629570986956
orange,12.847414536479963
cotton,16.408881690373377
maize,15.254753201135458
banana,13.452724605661096
apple,12.879631228729618
mango,8.933080661480535
muskmelon,14.049850443342931
cotton,11.047017851850164
apple,12.099295851436814
mango,7.154132644868009
cotton,9.4016043628742
mango,14.360473343996226
jute,14.776733899170148
chickpea,9.474952468436904
apple,12.508700197515765
chickpea,10.019172452498848
rice,18.93984689908776
jute,14.31103149862746
watermelon,16.53042759259942
coconut,13.760450115879708
jute,14.060565282794895
lentil,15.997433519711205
rice,19.091798858274096
orange,14.289587922155938
muskmelon,13.633909248944548
watermelon,12.67632342948916
chickpea,18.25726546090804
rice,15.076489994158008
jute,14.03085370527754
mango,11.524093069040664
cotton,14.809289067858955
grapes,10.835659358079337
lentil,15.420891812108342
watermelon,13.025153857571848
coffee,12.323917919546863
rice,11.3947953830947
muskmelon,11.324987142154123
grapes,13.628830893130928
banana,18.426625241952387
maize,12.782080311619218
grapes,13.220097482422972
lentil,11.4285878962536
mango,12.212675948004
maize,16.33229574223245
maize,15.851729731167069
mango,17.107658017578537
coconut,13.830624813747889
coconut,9.587926615747673
mango,11.73575756727634
maize,10.25828598430012
apple,9.1182904033614
orange,9.212569363131903
coffee,8.337587167791936
jute,14.679162433079616
muskmelon,11.928146044106851
lentil,11.679193529894254
coffee,10.411821390751852
watermelon,7.531093285661218
orange,14.854736621036803
coconut,17.800054635973886
mango,11.565594823651544
maize,9.447544199991183
jute,13.112466577540106
coffee,9.839879212746744
chickpea,11.060833496222878
muskmelon,10.52442515506374
jute,12.749913711147308
coffee,14.812589925279974
mango,14.10223644555844
watermelon,14.037226646441663
coconut,7.761050417316956
coconut,12.41854923644023
orange,10.615895476395908
jute,17.882367801292446
apple,11.3631511788058
muskmelon,12.950199051142686
orange,13.964321247846971
muskmelon,19.51100057644942
orange,11.696460058664748
orange,10.372159748437712
jute,14.54460586029992
mango,17.417589513205723
lentil,16.546703393721085
rice,8.010690620209573
cotton,16.446552001285966
watermelon,14.634156127954304
banana,14.352562435686297
orange,10.208953149366058
maize,17.00230598182667
lentil,14.266247042542744
cotton,14.700003790032216
chickpea,14.562601085297096
maize,18.212331211148047
lentil,11.1916137460067
cotton,10.439031870075016
apple,11.563611111111111
grapes,12.12885960918408
banana,11.728695209479222
grapes,11.048106501106652
cotton,14.58508484225099
jute,13.469721510229114
cotton,16.3072956609966
coffee,15.523791053603802
coffee,14.473598970771151
banana,11.750283388523435
lentil,7.538780107669587
muskmelon,13.308873430889337
cotton,12.040507586436606
rice,12.213890989471237
banana,13.943800887006024
rice,16.741114814901756
grapes,12.650688918063253
cotton,10.501110328657282
grapes,9.471840291076216
grapes,16.143328009905794
jute,7.900218931746775
orange,11.99214664615964
lentil,15.35469454592821
rice,11.56458043133676
maize,10.622853604921302
coconut,12.800413063282292
apple,12.584941627171466
mango,14.17864386106738
watermelon,16.326643179680637
rice,10.273440433737449
maize,11.97756018376404
grapes,9.363288500528284
mango,14.85521547575226
jute,11.306241140078296
chickpea,10.824362389100736
banana,17.307154662387124
rice,11.377563357038111
apple,12.17785184767128
jute,13.961585475169906
muskmelon,10.928344596450744
grapes,13.558990911407458
chickpea,9.817658531944248
banana,12.862799055653298
chickpea,12.075148837006267
cotton,7.912814001828837
orange,17.67731116594399
muskmelon,16.952332334904224
jute,14.599370179235336
chickpea,15.03923744355572
rice,16.177200967145495
mango,16.45561619096227
jute,13.171126050601384
mango,18.147234083722896
apple,11.578734303147044
watermelon,14.773384296968889
orange,14.655539848957847
jute,15.055890722307618
coconut,16.633365331870543
muskmelon,12.383737927891609
cotton,12.07017404749633
watermelon,17.799335382713082
rice,18.69568870249711
jute,7.386538855620574
watermelon,11.788609416083744
jute,12.600231452520957
mango,13.04570934525792
watermelon,12.914824289825289
banana,11.753012819965324
cotton,19.19329535110712
lentil,12.006946433686624
mango,14.518389768968024
grapes,13.583698630136986
maize,17.678274175491403
apple,10.549709991013808
muskmelon,11.367273954116062
rice,12.412827008071082
rice,16.881763613790902
maize,13.920309793131558
muskmelon,11.730886572603447
jute,10.562827669791483
banana,15.1321093157557
muskmelon,14.856603857336262
watermelon,11.21549161032344
cotton,10.763393909755395
muskmelon,11.234125170560096
jute,8.99587977269308
cotton,12.051836145596983
chickpea,14.131603231164554
jute,12.821896063165424
coffee,14.182220217424812
coffee,9.074557315936628
grapes,8.540058879962505
coconut,14.374776821944488
rice,11.928354119333418
orange,12.055821783289378
grapes,18.80719906888341
maize,16.777683640627988
lentil,11.998550230257548
coffee,19.09422676131481
rice,11.045161797046813
grapes,12.530724801710278
jute,18.679171782255903
watermelon,13.958441664790058
chickpea,12.42154070782815
mango,7.924275513144833
banana,13.203361688303875
jute,14.277099793049947
lentil,13.173526546517293
banana,8.64899937572249
chickpea,12.317809021675457
banana,14.698199996805672
rice,12.42285826308567
banana,7.706553445969162
chickpea,13.264305177111718
apple,8.253432772761924
cotton,19.128204873567785
lentil,11.125313013688109
chickpea,11.758345139123463
jute,7.80829188327758
muskmelon,13.28391060982282
grapes,15.79793178595626
cotton,12.862801211065488
grapes,12.631542687238248
grapes,13.818892595962655
coffee,12.325576153965134
lentil,15.24436481121236
coconut,15.604086492462738
coconut,10.006950632685797
maize,11.911127545890428
apple,16.028602328926784
chickpea,12.212771535465007
coffee,14.79256176853056
grapes,12.4443904592331
rice,8.439119612056313
watermelon,13.397763909575971
jute,15.663470633610352
maize,12.456606996014928
rice,9.995292690674908
muskmelon,12.197608713284763
watermelon,14.613725490196078
mango,11.70117673896926
mango,11.78113427150566
muskmelon,12.828372698615745
cotton,9.607147700235462
cotton,13.377091528209943
rice,11.362252174086484
grapes,8.358638743455497
coconut,13.32148586283204
orange,10.23014477392624
lentil,8.57344448350324
coconut,18.67493676526124
maize,17.58360090116691
jute,9.353107036592776
muskmelon,13.742407803903872
muskmelon,10.382737188341
apple,6.828999396823269
jute,11.700427270107385
orange,8.291005940172326
muskmelon,14.891341897012634
coconut,12.700579228470414
cotton,16.12222479964681
chickpea,15.26177993018948
coffee,11.607823480921574
grapes,13.878580748022916
lentil,6.875900197890528
grapes,11.306517809609884
apple,14.787699688788775
mango,12.38141729114575
orange,9.605010784801726
muskmelon,10.00892788719442
mango,13.051230210403672
orange,11.891896997229503
lentil,11.710238565530142
rice,11.315486943668912
rice,13.191460052168257
jute,10.616921281450097
muskmelon,13.711707176758232
mango,13.44168283979215
muskmelon,14.927546811969412
jute,12.400560618873124
muskmelon,15.99678205157084
chickpea,9.94668595616996
apple,11.372037658262094
jute,13.849222797927462
lentil,14.13472786556308
cotton,16.099629288438514
watermelon,13.797171909755324
apple,19.447822775168213
cotton,11.9574278282926
watermelon,8.026433182573737
jute,16.236427265025615
coconut,13.327980291491054
lentil,6.939939701311146
rice,17.453512489854813
apple,7.1153321933933045
grapes,12.815708975341222
banana,13.675118121030623
apple,13.44582411606286
cotton,13.893430966068372
mango,15.095416360773148
orange,12.92506417608826
grapes,11.54399740515995
watermelon,14.708699252004443
rice,17.67523133867983
jute,8.937320303666613
coffee,17.757700293454544
banana,10.010935628911634
muskmelon,13.8092059518843
cotton,18.076747060073
banana,16.106641116768234
chickpea,12.355754362121642
muskmelon,19.933588157054828
muskmelon,10.445963640157542
maize,14.7851375825203
muskmelon,16.056318429304888
coffee,15.598273871467104
watermelon,12.913544559295108
maize,16.609305508039686
grapes,17.518640939746668
watermelon,13.555177792888284
maize,12.244344347093667
grapes,17.489286437264326
banana,14.24654284086019
coconut,11.363965072893023
banana,12.3174435949569
orange,15.026439782342024
maize,10.301457294691284
apple,9.032429339630418
watermelon,19.62171071811409
grapes,16.433111023930955
apple,11.189389275581764
coconut,12.423309655353856
coffee,8.67851655962725
mango,15.173001372122233
coffee,10.781701436867683
banana,7.677707775304636
muskmelon,16.32821279447394
mango,17.989707371759444
watermelon,12.168854308962404
muskmelon,11.34901611754806
watermelon,15.44451467268623
coconut,17.37700780855675
chickpea,13.542148910963272
rice,9.086896782841825
rice,14.082836111753652
lentil,16.532968356306505
chickpea,13.40230589421352
maize,8.507010432586883
coffee,11.487513281919451
coconut,15.60024522329922
coffee,13.31069419697446
mango,8.380623730908448
cotton,16.781494513018508
rice,12.734235348048951
maize,13.117436861360474
maize,11.432412405229163
jute,8.605739523723576
grapes,11.355259728370328
rice,13.451260254428725
muskmelon,14.696863247759891
banana,15.81635501711878
rice,7.39423616567516
rice,10.77074222254826
muskmelon,13.220770685896015
apple,9.708576906449126
rice,13.429243118774307
banana,12.390517654577408
jute,12.316144649013422
banana,14.121291893847388
jute,18.76431844580882
cotton,12.164826770799982
coconut,13.04513894299586
jute,8.54704193235083
coffee,9.132796662901445
watermelon,12.224053775137364
grapes,18.976688501754847
grapes,16.293756397134086
coconut,13.686635820007035
mango,7.802584913381531
chickpea,19.770431447746883
coconut,10.352652550465963
watermelon,11.546753708310732
orange,13.469558846081757
cotton,13.019526046413798
mango,12.997541893433398
apple,12.546630015817197
jute,14.167812442197423
grapes,6.576777251184835
coconut,13.476692296129109
apple,13.738176274042374
mango,9.44611947524226
chickpea,10.218867978329056
watermelon,16.828326442883203
cotton,9.358076568720444
coconut,15.099313342415575
rice,18.218994836182336
coconut,15.775764712917834
coconut,15.459548854829714
cotton,14.74135977019233
apple,12.415136889582058
maize,8.236127425944842
muskmelon,10.95480537720706
watermelon,7.181477985219665
jute,11.18391740960966
banana,10.081822525174058
watermelon,14.715948492846488
muskmelon,11.396788237752276
grapes,11.649075370985276
coffee,13.379202621685566
rice,11.6306412490178
maize,15.23453745088764
banana,15.974649540054063
orange,12.10592117822111
orange,10.750728665172248
watermelon,15.99370199461889
coffee,13.186458822082423
banana,14.04881623917131
muskmelon,10.366519531549
mango,16.59286157007943
mango,12.119493294788406
apple,14.633825183297374
jute,14.191870983099262
mango,9.533726448661886
jute,19.585165562913907
mango,8.296476614457177
chickpea,12.749395956326504
watermelon,14.115081228284346
rice,10.15121933669523
lentil,13.689857830838886
orange,11.43495769578199
coconut,13.26812782213303
coffee,9.039420861766
banana,13.237082944763053
muskmelon,11.533241492825706
jute,15.815404738956827
lentil,15.630900446231273
apple,11.60623340369034
watermelon,15.28509572859303
watermelon,10.210288075220062
watermelon,13.951507072842812
watermelon,12.44813293714632
chickpea,16.418236455739674
coconut,10.915567091205409
cotton,8.577519228854753
mango,12.0918275984194
coconut,17.933973357918305
apple,10.59923038807418
jute,19.35838005018261
muskmelon,13.074127951179458
banana,17.45267142211655
coconut,12.839730037870323
jute,15.014113489307912
orange,12.281746850199523
apple,16.433142640934296
jute,14.558636356440658
lentil,8.82593369989277
orange,13.179002311452145
rice,13.672401197749002
rice,11.40270235671604
chickpea,15.152629166207651
lentil,13.583020560610777
mango,15.065151030419369
rice,9.746590849683717
lentil,13.780269190222851
muskmelon,10.80563777679625
watermelon,13.459481205173187
banana,16.472837936046513
chickpea,12.862610439487671
coconut,19.77013596012623
muskmelon,17.119449335681125
grapes,12.488487242495925
banana,16.912603594876764
chickpea,8.932409644273118
maize,8.34970345748495
maize,14.366964553920097
jute,10.009280975828316
rice,8.794063305563853
rice,8.267852244128767
rice,6.527255746693579
muskmelon,17.526010447509687
orange,18.631317315658656
apple,11.892215721840431
mango,12.439709266430937
watermelon,14.03603141555752
orange,11.925155042052502
coffee,14.341097788686248
rice,12.13559598728033
apple,9.159210397122228
grapes,15.062778893106683
banana,13.545785065050792
muskmelon,15.20856818492994
orange,13.76095777450065
banana,13.22212199157719
banana,12.257469203302255
coconut,11.709559324674316
watermelon,16.753346591826848
coffee,15.039010481506766
grapes,12.583000803971174
coconut,13.20443842775648
coffee,15.833235267972418
coconut,12.576791587679644
coffee,14.984564151028303
orange,15.3084898136736
apple,15.73261789266175
rice,15.23640314297002
grapes,13.848966089725325
grapes,8.213861885336412
watermelon,14.46767995117798
apple,15.0440322410334
grapes,12.33409046112837
muskmelon,13.156975641081775
banana,15.263853129923527
maize,8.489843397096376
orange,10.253501345051546
apple,17.264759381105296
maize,13.029979857461583
chickpea,12.707525131074576
chickpea,10.707837911430529
orange,15.11547841510151
mango,16.126831686235633
watermelon,15.347383472245983
rice,16.83342051850767
rice,13.90195652379288
apple,10.86172237473359
grapes,11.42625739887745
banana,11.71099138569018
maize,15.60886632061294
maize,20.351341309578387
chickpea,11.016786017800555
coconut,13.044145409596585
maize,18.03983162113604
chickpea,17.681661253345517
coffee,13.596536524464298
banana,7.670436498387795
lentil,17.868670328130964
orange,11.051694827764203
coconut,8.71682097716386
coconut,19.15944884171003
banana,17.98080696648202
chickpea,11.454910949471795
maize,15.306119464820998
rice,10.954636591478696
coffee,17.663438556478972
mango,7.888032527310053
muskmelon,13.529902891468764
watermelon,13.364073918707088
apple,14.805840875444511
banana,9.789732445046136
banana,16.603669861541615
muskmelon,10.405559216971554
banana,14.953475469805287
chickpea,15.784510079699954
coconut,9.621295835003352
coconut,17.995728627548793
banana,18.78880247405004
coffee,14.707699170545991
jute,14.106470441944497
coffee,11.68097043504902
orange,13.88973077543124
chickpea,13.615485123380743
jute,8.57836007772903
jute,10.42277833360773
apple,14.413500167392032
cotton,8.471868154018342
rice,16.758852680875094
coffee,16.374151110527873
coffee,14.54987919702832
mango,7.926653894714264
apple,8.94967115476896
grapes,9.699090628016586
apple,15.254045364654417
mango,12.092584929327938
apple,12.727134966927462
grapes,9.805550415770274
chickpea,6.65555579542756
rice,7.489959215993269
lentil,8.500209169641028
muskmelon,10.049801689946545
banana,15.505988016942048
banana,17.493233410942956
mango,11.370627690022069
coffee,9.46011491920608
banana,13.751703928557216
lentil,14.042249015966664
chickpea,15.302851694547975
grapes,14.919296326679428
rice,13.497801257413649
maize,10.405468090296672
banana,17.147309938498115
watermelon,14.35989724070469
rice,13.990202664559105
coffee,13.58512614678899
orange,14.70191506217952
cotton,9.519902319902318
orange,11.900219143220696
mango,6.289663086531394
banana,11.653059545073894
orange,8.976253740008039
jute,13.837947368421052
rice,12.61869052596371
grapes,16.090000849939344
chickpea,12.96368524584994
coconut,6.809635373700709
chickpea,14.943763328007702
orange,15.015448092934156
rice,12.584156040903926
mango,11.048165371350722
mango,11.641323818970497
coffee,16.33707524970792
mango,14.314605234928123
maize,11.353863733503134
lentil,10.631010547852098
mango,16.614016444959926
banana,16.169526957609328
orange,13.238129357087528
coconut,11.595939565627951
muskmelon,13.322938735783117
jute,14.129167810850788
grapes,13.136996001493186
maize,12.889064842202297
orange,17.68855353186
grapes,6.674594048587111
mango,15.326703438148671
mango,11.52623518143704
watermelon,15.416776731282768
grapes,12.029817849777231
maize,15.96421103802925
rice,17.128097693740152
chickpea,14.986994756137175
grapes,11.692667468258984
jute,16.902174476959953
orange,15.693686210441294
grapes,11.37580021196799
muskmelon,15.557535173103345
coffee,15.923608471188397
mango,13.819279804790712
orange,8.032728964302724
coffee,7.294555993015697
coffee,15.39600088886463
banana,14.833074720879743
lentil,19.34323051385565
muskmelon,10.889957563591086
muskmelon,18.4067775974026
maize,10.323364149447736
lentil,17.148741115176104
coffee,17.808837906537182
jute,13.072402415148073
grapes,12.01880826473314
watermelon,13.945678697599885
banana,10.967429161777774
lentil,14.032647231790309
grapes,14.520318348208775
muskmelon,21.831452735253183
grapes,7.717157214644652
orange,12.830115530743583
chickpea,17.815313717172497
maize,12.859603085379703
grapes,9.836524118379089
rice,13.298662203330643
apple,12.329185589843089
jute,15.761921161017424
cotton,11.795629593189409
lentil,11.574587595340862
chickpea,9.817626207065151
watermelon,13.376153310404744
watermelon,17.88024103896104
apple,15.534100769364262
maize,5.958029391608925
maize,13.306421649846865
watermelon,17.66759392386072
grapes,11.88337834824194
mango,15.368572361973207
watermelon,10.427892258708027
cotton,8.079094821578293
banana,14.65730098104624
banana,12.515743732836295
rice,8.227365423833161
muskmelon,11.844717232107104
grapes,12.73501773938686
rice,16.936893161331795
banana,13.7099612712154
lentil,14.715732336853844
banana,15.498474925989056
coffee,6.484364687663992
orange,14.799817045281292
coffee,11.98076572529719
cotton,17.465474395740507
jute,11.253832111889611
lentil,12.442382754678652
chickpea,11.256087972195315
grapes,13.29879723774823
muskmelon,11.918369595673076
rice,13.112083086053412
cotton,14.302413262918645
lentil,12.130388094395878
orange,12.661115785811996
apple,15.583922570348523
maize,17.050802989842524
coffee,11.472274735602632
orange,13.821387015110774
apple,10.118136125587531
coconut,9.3904988538228
banana,12.848820387269086
apple,14.71798462546928
lentil,15.240913859827977
mango,7.2654304912782175
grapes,13.208889109599244
rice,16.135944128297982
cotton,13.743581310316424
cotton,11.188831375874845
coconut,14.415107556221646
jute,10.5774763835436
chickpea,12.64831892411143
apple,10.532720220663837
mango,14.332900648467792
muskmelon,9.95639718367456
watermelon,13.173511180855236
mango,12.493602399217808
coconut,11.20377916473238
watermelon,14.104052950357016
chickpea,10.759654702407996
mango,10.278576229954226
mango,16.153795723183123
chickpea,7.304862252295795
rice,17.95078833653076
grapes,13.24717696992896
chickpea,17.71277807013347
banana,10.546790390938872
orange,15.786665669550434
muskmelon,12.754721451946535
cotton,13.008828403323497
cotton,15.572188556933485
apple,13.10403686427288
muskmelon,15.752636197440586
cotton,13.276730837608577
banana,17.47155695102502
orange,14.881961151542706
watermelon,5.882897400424583
orange,7.694765481784277
coffee,13.2573003327787
watermelon,16.069951946334697
banana,10.436193438751117
muskmelon,14.677557831774
muskmelon,8.727532818124073
jute,9.89351760711918
muskmelon,18.23063531431842
watermelon,17.58557860389232
mango,15.559080895994889
mango,12.52489115244383
watermelon,14.577484990784855
apple,15.52397424987976
grapes,14.340006648690576
rice,17.3670262757297
watermelon,13.575673807878369
mango,15.26879899724021
coffee,10.727871492342404
muskmelon,10.718018444076614
maize,12.87428419230257
watermelon,14.466890287257518
coconut,12.219021494583089
chickpea,8.16537434709553
muskmelon,17.73460147500683
chickpea,10.172227394633357
lentil,12.161985136667088
maize,18.448639267857104
banana,12.09777605182898
coconut,12.686297202637768
maize,14.33688839615669
rice,12.451035140890497
muskmelon,14.592785926815264
cotton,13.57559174739043
rice,11.978613327962538
banana,15.27619884472998
maize,17.113592412847776
jute,7.881361151743784
lentil,14.776041076108468
coconut,10.574128708885134
muskmelon,17.96675032331869
cotton,7.440613912363568
apple,10.77972086969098
lentil,10.404775102945834
coffee,11.155777679255168
jute,9.203109974771758
maize,12.832992252864155
rice,11.812293079361838
coconut,17.21246340720332
mango,10.48620189200928
watermelon,12.784740303421206
watermelon,11.199412480957502
mango,13.003974041896546
cotton,15.57309688581315
banana,11.134838658019058
rice,11.768616842368273
watermelon,13.068702024938348
jute,11.320769472455446
orange,12.826099331151276
banana,16.55345408672403
coconut,15.686780369862118
banana,8.788459799222213
cotton,17.892655588564963
orange,14.560934133765825
coffee,10.063985223400527
grapes,16.803992493171386
chickpea,6.771001777165821
chickpea,15.02074987359496
coconut,14.73448596170557
rice,6.942861131608862
cotton,10.125100240577384
maize,16.044236696812654
cotton,13.10965643590852
coconut,6.922704499193081
lentil,15.045741916271576
mango,11.52972533775172
coffee,11.869961863082214
cotton,12.579774993607773
jute,15.250554022325655
lentil,7.797865095345256
grapes,13.39787868162693
chickpea,20.27846353364869
rice,8.178986049879244
cotton,15.738487538638728
orange,10.494985004667422
muskmelon,16.712190926861087
watermelon,13.963915144178248
coffee,14.491043706711247
cotton,7.886883286125083
chickpea,14.545701948137008
chickpea,12.482791898379917
orange,9.221524629756702
apple,10.466414733104404
apple,12.776974914519036
lentil,7.147391381766382
cotton,13.736797746578835
orange,8.618249903410836
coffee,13.06953745425577
lentil,15.792635131457187
watermelon,11.59752882783138
jute,10.867144946352091
apple,13.5433680242706
orange,14.511152288002949
mango,16.666495006714936
chickpea,17.90792010111806
cotton,17.424448048888163
rice,10.17151709108545
coconut,10.896564421106556
cotton,19.718692132574343
cotton,11.746598997412006
mango,9.919586137076193
lentil,9.986803231113653
cotton,15.99134699295714
grapes,11.064450876982011
rice,11.515396092469963
rice,14.514741287191171
mango,8.052329004329005
grapes,17.362085484643636
watermelon,13.600804251799444
watermelon,20.589930213950925
banana,16.365012560045834
mango,17.89225506963108
coffee,17.2000755643714
cotton,15.54160695821422
lentil,13.573556557525874
grapes,4.738029577472049
lentil,17.28311965811966
rice,14.443095122634228
orange,8.974837207394815
jute,14.223249027237356
orange,8.307628998424216
mango,14.027421010291548
chickpea,14.991173260864914
apple,12.964334075646072
chickpea,16.38640605822005
cotton,16.284053271191755
jute,14.200316222727883
coffee,14.821853480752043
muskmelon,11.719683711280194
cotton,14.660231036432668
cotton,16.105013647045087
lentil,16.15031414377557
jute,15.218801158844782
muskmelon,13.159405868712016
watermelon,13.881172968734536
cotton,12.323896383707472
orange,13.377435797895236
maize,17.6980611133761
chickpea,12.421830299600742
apple,9.0598537585873
orange,14.64673909432207
banana,8.130900241484303
banana,18.01284028448602
coffee,9.017582798763438
cotton,15.862987538660596
coconut,8.963068544441136
apple,10.494051025407977
apple,13.739912105473431
jute,13.200137210494123
apple,17.37251401305922
watermelon,11.460520772549934
cotton,19.16388661122173
watermelon,20.97453092934624
mango,12.641318796570689
chickpea,12.335739698720698
banana,12.974162520584803
maize,11.59982209184678
maize,17.854558608798516
jute,13.816966013299298
apple,16.221415461023536
jute,11.6510771781265
jute,12.586364194247842
jute,11.411688322568214
jute,9.432366686966695
grapes,15.769965331326418
apple,20.417134893926143
mango,9.70134887449948
jute,14.263402994265482
jute,9.89210024252223
muskmelon,11.803166928036244
rice,14.249166188398108
jute,16.30818460429061
rice,13.76857850190702
coffee,15.250450040617384
watermelon,11.66263279118773
jute,17.975009240955917
muskmelon,13.403712154906245
maize,17.74537855719548
mango,12.318489690528756
rice,12.29634525325334
rice,13.606423288519691
muskmelon,11.22309590820524
orange,15.006835330278747
muskmelon,9.84572047549652
maize,8.602987942295416
maize,11.859662594994628
coffee,17.383056343737334
jute,11.657420853906478
rice,9.717018904018724
coconut,13.68492167699777
cotton,10.433295265236843
apple,10.678321508407038
maize,12.794966920885784
rice,14.704876696185645
jute,14.175802547614971
chickpea,11.289786132886826
banana,9.919657480536411
orange,14.67266524879446
coffee,12.726154322788892
watermelon,15.17887630419015
grapes,15.315635569649247
muskmelon,11.013415554606242
muskmelon,13.84421909492274
mango,10.35692170303384
chickpea,6.299143397485816
cotton,7.243572077148762
grapes,12.802386278896346
maize,11.604452109015533
jute,14.488089917512967
chickpea,10.766268417775931
apple,14.189316488973274
grapes,13.685370942846026
muskmelon,10.941456884039836
cotton,9.381902759762044
cotton,13.190320913031377
watermelon,13.25726814325778
banana,9.957494489889502
chickpea,9.979399441340782
muskmelon,17.28408615668175
maize,18.10945475388369
maize,10.9702130271245
coffee,6.925189970610819
cotton,13.830506493595784
muskmelon,9.352240477968634
rice,9.523503958302602
apple,15.046513470681456
watermelon,9.696534661797129
muskmelon,14.663730553239322
maize,11.471547986997606
apple,11.298954190602446
muskmelon,9.335903315852343
rice,12.535647778664536
jute,10.739073426573428
coconut,18.140486542233727
watermelon,14.19050052793566
grapes,10.724301408936322
orange,13.524168935082074
rice,19.440488913934825
coconut,14.80547651257172
orange,9.986595106646458
jute,13.946196123806768
banana,12.926819653786817
orange,16.457971103533726
watermelon,20.5104141187981
watermelon,10.990677801514856
chickpea,12.854429555560774
lentil,14.760109377513272
rice,10.443119463329555
watermelon,17.001853259492524
apple,12.34934078407404
cotton,7.090402997093939
coffee,10.978355021755258
coffee,8.343104313416625
chickpea,13.608355639091435
chickpea,9.04156067039524
watermelon,12.996777945760083
maize,12.967354229342687
mango,13.378709136630343
rice,13.980910579788135
chickpea,14.640795206971678
rice,9.912625277460146
mango,17.23397685712573
coconut,15.286426317489502
maize,12.525684152293596
lentil,13.59381975274793
apple,14.403516159272176
chickpea,8.819695666648173
jute,12.585949464012252
watermelon,14.753745168446812
maize,12.477555094428832
cotton,14.215437576075258
lentil,17.428479595222292
apple,18.50117179960848
banana,13.0029679007004
grapes,15.125832161788116
watermelon,5.906788550876668
banana,18.45658093649487
orange,7.252382743917733
coconut,19.686859315245183
coconut,14.054217280405224
rice,7.81335456264305
jute,15.592927136090111
banana,12.936330939888878
muskmelon,10.51021643027766
apple,15.492163892694396
coconut,15.559582615788996
maize,15.79560260586319
cotton,9.094429771628798
jute,10.758499551880467
chickpea,13.40125053808793
chickpea,17.76385112262905
watermelon,14.214267135451234
coconut,17.03044282067083
cotton,13.409048603114003
maize,16.119287948838625
watermelon,14.776313544160956
rice,15.96171295265114
chickpea,11.19967382489328
muskmelon,12.801541471011808
jute,12.1926842110395
banana,11.190419063270337
coffee,14.387244715841003
orange,14.381417482237104
rice,13.64131812420786
banana,10.546466928317637
chickpea,11.904963244126266
jute,16.15035813106371
muskmelon,8.052649187906809
orange,9.946727167617448
coffee,8.197997323630661
coconut,15.772295029566884
coconut,19.38079461018077
watermelon,12.007359590422794
banana,12.588879011149611
watermelon,12.93530840482809
coconut,9.542433417149894
jute,14.183449546530282
coffee,15.073804116414
orange,13.08779890692243
muskmelon,6.577508891665866
grapes,10.243544523638777
mango,12.735567712712456
grapes,7.338448221592698
banana,10.980392156862749
coconut,15.3042016091269
banana,17.904453362990186
coffee,9.296187446777724
grapes,17.856513741011206
rice,9.788785415715015
chickpea,13.52132240218623
orange,10.980391503085707
apple,15.24285456042742
grapes,7.76634041972049
maize,15.527033881588215
mango,14.658396637384794
grapes,11.00454153321368
cotton,13.15782955633578
coffee,14.305103035275245
watermelon,13.65525259331669
lentil,15.765575328548488
coffee,9.292676684356431
rice,15.922029750134438
maize,14.387207095067684
chickpea,15.655512401880973
grapes,9.243065639837493
muskmelon,9.382233635935505
cotton,10.559220452934529
orange,11.731534220151769
rice,10.70681141475782
chickpea,10.432958841382248
mango,14.926299045599151
coffee,14.411022248740691
maize,13.237584682630493
orange,18.814643212397257
jute,15.017295418452042
maize,12.617275339675809
muskmelon,8.038347392844937
chickpea,11.634653568815969
muskmelon,15.497892037864316
apple,8.767266917509584
coconut,19.349412581510272
grapes,11.772899495202678
mango,12.717826380678938
mango,12.336234757608803
watermelon,9.954096094390476
apple,12.880799199370935
rice,6.338540635589767
banana,8.67698658678839
chickpea,16.312810625085373
maize,15.148398754082496
lentil,11.717446702307925
lentil,14.160790376346682
coconut,15.831328939065006
watermelon,9.631357090776522
grapes,9.118174714799189
muskmelon,16.126234160280045
chickpea,16.385215161980632
apple,9.747210928606275
lentil,19.198741889065744
watermelon,14.654595963638148
banana,11.41285762093286
orange,14.430513028189882
apple,10.749543091996754
chickpea,6.141515733244304
mango,12.320993116371069
grapes,7.686058558558559
jute,14.725667139358
grapes,14.225388666770575
maize,11.262713310341548
apple,12.878122790276183
grapes,7.259786974680761
rice,6.068822696735246
muskmelon,15.184594363412169
grapes,9.676798992320506
cotton,9.997576132029517
banana,10.781115366203926
watermelon,6.74143207989024
cotton,17.198243059570693
coffee,13.888039896176616
muskmelon,12.59574620150153
grapes,12.01058236028494
coffee,12.833900778210118
lentil,10.092973792294153
cotton,19.16021440873116
mango,17.27222797280174
orange,17.448813254118217
mango,18.33336261088873
coffee,10.664593312297107
muskmelon,7.387136201637859
coffee,14.84943104990535
chickpea,10.995582494007197
cotton,8.151263283653586
banana,16.04850330410114
grapes,9.177501110592202
coconut,13.08045020311316
coffee,12.0123964731685
orange,10.78956342030483
lentil,16.676996725795952
maize,15.612724398780625
muskmelon,12.186441186351203
rice,9.303928418927836
grapes,18.63825733192574
mango,13.662477403804768
lentil,13.039178513708574
watermelon,14.784850070479688
coffee,14.83300049076058
coconut,16.577761011034614
chickpea,5.335128527859806
cotton,7.477630713380762
mango,16.397204167037664
maize,6.66572809600015
coffee,13.286413923779836
maize,8.547374266460551
muskmelon,17.72972773337667
mango,11.92244887747273
coconut,13.581065970928066
rice,13.40234821239687
jute,14.182237565212008
orange,10.262044195531743
cotton,13.2388085153881
cotton,10.865461520438108
grapes,12.595329749725453
coconut,9.67381460825576
orange,11.8822767964609
coffee,12.591847460010806
maize,12.42167896743017
lentil,12.37596979059389
muskmelon,15.045441647411732
muskmelon,14.617355488245147
mango,12.82200990577586
jute,12.392278539002955
coconut,14.292631622505136
maize,12.442153563408652
grapes,15.728759193932596
chickpea,14.26449014642214
lentil,11.935523740858995
watermelon,13.520779957866113
orange,5.786221305637781
cotton,14.7212462454887
lentil,16.478106684302947
maize,12.633804066730894
maize,15.816309435101717
banana,15.27407880335644
coffee,15.363095069525077
banana,16.078750697155606
apple,14.177081785848488
rice,16.21448303766385
jute,13.347240927333084
lentil,12.573423423423424
coffee,10.492915695780592
cotton,16.931880059644186
cotton,15.625229897044049
orange,8.315035155915995
watermelon,17.947624943623257
mango,10.399393233068798
watermelon,12.733558594442822
rice,15.040699242038407
cotton,11.907733123243982
grapes,18.601141008766003
coconut,10.612159621359254
coconut,16.26821759090578
watermelon,11.55869246765486
maize,14.307906676180348
rice,11.816273240585684
watermelon,17.25292705628766
coconut,12.916862707250084
mango,14.308372670807453
orange,8.94079696486046
jute,12.954512981282411
orange,13.295951960810134
chickpea,18.19268527430221
chickpea,12.82818787858913
coffee,12.92053190523736
mango,10.71041701425172
coffee,11.477181301912092
mango,11.204122306877238
coconut,11.200485932435097
lentil,13.22501071665173
maize,11.128395974505642
banana,13.67214815468833
orange,9.10813912245196
watermelon,13.462073862440397
grapes,7.006597388755662
chickpea,8.117055557874526
maize,13.719836161771546
mango,11.502893194382269
watermelon,11.433763664493876
apple,15.22928880501159
cotton,10.142480551458007
jute,18.66094550079906
coconut,11.584961496593154
banana,15.79906646514592
cotton,18.02126923324535
muskmelon,7.386101934658213
apple,11.640191151574934
muskmelon,13.949721485024352
coconut,5.638814836235695
orange,11.35821675011914
mango,12.2749347508233
watermelon,10.419826479082769
orange,11.331299590016323
watermelon,8.896940036341611
rice,13.74132353222688
mango,11.730908188131684
coconut,12.341963981532606
banana,12.286793271971485
chickpea,11.013046581561612
watermelon,15.082383790096374
muskmelon,9.756254000768148
orange,9.274945624739033
coffee,18.69182939297931
mango,17.31920056775257
lentil,18.38950404484143
chickpea,19.17679509945908
muskmelon,14.28021377742345
lentil,14.551147344746576
jute,16.066066623364573
jute,11.8378354519774
jute,16.253249092055107
watermelon,16.160711526078558
orange,10.35164618631362
watermelon,13.271517822177165
maize,14.925263399261542
coconut,11.301959879680153
rice,13.81120762619532
jute,9.625825056228775
jute,8.810865209145883
rice,7.284122102563545
maize,14.804458394355368
mango,9.518248366561442
jute,19.10811312581224
apple,10.45952875548177
jute,10.511494252873565
chickpea,16.786292824251944
coconut,16.99521187271113
coconut,16.670419053294925
grapes,15.366774637136317
jute,12.559006333734535
watermelon,12.482157949103202
grapes,7.603920361535125
rice,12.012920487273202
coffee,12.474978329154514
cotton,14.333132759358795
coconut,16.88728133631461
watermelon,17.70499542512017
cotton,15.016580378792844
maize,9.239618129875248
lentil,13.335551304347826
apple,18.400210874073032
cotton,16.251118894206346
mango,7.558263963524943
chickpea,10.109817470664929
muskmelon,8.43875930366541
cotton,14.969153661915128
cotton,15.356478889604832
lentil,11.602374008329434
jute,16.110033166465847
grapes,14.55490865420569
coffee,11.439132137719092
muskmelon,11.860431763285025
mango,10.935969229663826
watermelon,9.381474547916833
mango,16.297424771247996
mango,11.148762039216612
cotton,16.12924787957086
orange,9.72891361313393
lentil,10.396303392901366
jute,16.30644604304574
chickpea,16.01175843295729
cotton,10.826722951554792
coconut,10.593524098196996
coffee,7.748268472946871
jute,8.779511933494234
chickpea,13.301435977671408
coffee,11.075260659148649
apple,13.63502543985707
cotton,9.741706398636945
lentil,14.326068714745237
chickpea,9.007708462716357
mango,13.564728573650646
lentil,15.946347979295789
maize,16.156586768057352
grapes,10.73006095604748
orange,17.182759574720368
coffee,13.950422974687068
lentil,15.297143972025031
chickpea,13.179164725974228
jute,10.280701754385966
rice,16.691324280000217
mango,16.23478102852989
lentil,11.406940465893951
jute,11.860962266890152
maize,9.199099210266535
jute,12.269650630026025
coffee,15.72784215073436
maize,14.716302755526996
watermelon,9.806141017103172
coffee,15.873985938345053
apple,11.25137848596528
grapes,13.87724530483376
maize,11.692916989258096
grapes,16.819678264122707
orange,14.748368904618902
coffee,15.648003987400635
lentil,14.68200199217995
mango,13.928156698888069
orange,11.5210246474706
rice,10.43365949119374
cotton,16.707443736006205
jute,10.480636889629176
chickpea,7.844428164768921
orange,12.86501503128904
watermelon,22.20729391880769
mango,13.56066956984527
jute,16.015699756893998
jute,14.92545416241269
watermelon,16.357836495031616
orange,16.652835417061517
maize,12.877012789079584
lentil,10.68696036360389
rice,13.348129624289276
coconut,12.091023169534065
orange,17.428132477919025
maize,14.41126472574962
coffee,13.40388481508801
banana,8.438055347393213
muskmelon,11.045805235725432
muskmelon,11.341180782239505
coffee,13.81974127093556
coffee,17.990345260696007
maize,15.316775834387125
apple,13.889016091704455
apple,16.120864881918155
maize,13.0705284342476
apple,6.225922314318218
apple,6.804304133120688
jute,11.964190222262392
coffee,13.939356999330206
jute,11.024095786839991
coconut,9.615056316702017
orange,13.164505567244271
apple,8.717247619932357
banana,11.74682617237306
banana,11.515421417150586
rice,5.5131260152910455
coconut,11.269003321981838
coffee,7.672781778350786
coconut,16.57537938844847
grapes,15.295865960784155
coffee,13.178637844517295
muskmelon,11.41479130273546
apple,10.275103563185008
lentil,19.084246357087338
watermelon,12.48210320855914
watermelon,11.294147453762353
cotton,8.768966862161616
apple,13.715553123154695
coconut,12.44752933505087
grapes,7.793312406699692
coffee,12.811812873347204
coconut,15.1575519907572
coconut,6.925338889279516
orange,12.553324172149187
jute,12.875553801927738
rice,11.4375024119168
coconut,19.469113169869377
mango,9.13343900229917
cotton,11.242930327379671
coconut,18.445677192438
jute,8.614504836083183
rice,11.97987006663606
jute,13.889692417235189
chickpea,14.978533548205071
lentil,7.785244982888758
banana,14.978564862803388
coconut,18.25860946823102
grapes,15.006916391235157
cotton,15.036581964445618
lentil,12.201627994011975
maize,10.462073717366284
chickpea,11.986709746903609
orange,11.105221231065356
jute,14.429575897650125
watermelon,11.346478461200908
orange,13.803011461267294
rice,16.778794291564168
grapes,12.383738449845998
banana,9.530517572109884
coconut,15.064772117289202
jute,17.816637215928953
apple,10.38562581294394
mango,15.100481162051748
maize,9.785996383622464
coffee,8.188316133381736
coffee,15.422357646162634
apple,12.500335910244784
grapes,15.158605329322755
coconut,12.729330558798152
jute,10.463845042240996
orange,11.229834818803134
grapes,16.05313953830919
mango,12.855971931772006
grapes,9.163497449166403
rice,13.369236004075075
rice,13.406911636045496
chickpea,8.08219128792138
watermelon,15.963468182631557
coconut,9.293945444774083
orange,15.19017383975888
maize,20.99482620692248
jute,14.720743702669823
rice,13.803612093000917
cotton,17.715209008044113
jute,14.436611580950103
jute,12.738405154395194
cotton,17.631850078571087
lentil,9.05318264916071
watermelon,15.774955579998306
watermelon,15.56777537393578
jute,9.50931146463817
coffee,11.500773113078672
apple,10.753469913563832
apple,12.169290922794064
coconut,15.147548963928148
lentil,12.02655602218576
coffee,11.691774760197742
jute,4.301069407955698
maize,8.033913375106984
coffee,11.660753659766062
maize,10.38574730597854
watermelon,13.894448690728945
coconut,12.39590116532389
muskmelon,14.39647419316328
rice,11.611609265674888
grapes,16.022660917651155
banana,13.695521667126693
grapes,8.144933932140912
cotton,11.736256834638688
apple,10.414864592884138
chickpea,8.808186491181557
orange,10.703105305374129
watermelon,15.902039350973045
rice,14.149104698161588
watermelon,8.16787261725031
rice,17.36689145502118
lentil,17.22706540018749
maize,15.60389348046911
grapes,14.024846432401604
mango,10.89134702953317
grapes,11.562030860454149
mango,15.426288292716745
maize,11.042937125433708
jute,13.9780217019994
coffee,14.849917489212098
lentil,13.5391073444531
orange,15.94817700538761
maize,14.782087784643515
jute,13.39365513803966
cotton,11.238303729043452
coconut,13.122557726465365
chickpea,10.353782213157212
apple,13.7851548853254
mango,11.581026082532723
banana,17.77608998372134
jute,16.727590574001635
muskmelon,10.72600766161425
maize,11.112650907273784
lentil,18.50991741370792
muskmelon,13.19577901896612
mango,11.231639434148482
jute,8.299243749687575
maize,11.224288187624577
coconut,16.302243466283805
banana,16.373399776613113
coffee,12.435474204419291
jute,14.904345965388076
orange,13.406101093518176
muskmelon,15.589356689572693
watermelon,20.021456520239305
jute,15.089605667238164
maize,12.164670282010023
jute,10.6406483703781
orange,13.276675585983012
watermelon,18.000889550087038
muskmelon,11.70285425247489
grapes,6.383343580654716
mango,16.79290279500143
orange,11.837554244952862
coconut,17.394689252837747
grapes,17.960991579071923
coffee,7.998686032884691
chickpea,6.632808417886041
cotton,12.992558020176748
mango,11.0060136820528
coconut,12.099704675535111
watermelon,16.72324542441274
mango,15.03084264020873
mango,15.161815336463224
cotton,12.402954099442525
muskmelon,17.43749973103819
muskmelon,13.258275833856056
banana,12.631484261926984
coconut,11.05812753648217
banana,11.343065693430658
muskmelon,12.06340859882462
muskmelon,16.086057152080656
orange,12.11064304160528
watermelon,8.943376360020277
maize,8.644544495293196
grapes,12.935653924343285
mango,13.896344879342966
muskmelon,13.291662017925546
muskmelon,16.62762711174803
mango,12.322084628257231
rice,7.542236382661039
apple,14.125584795321636
grapes,8.177871148459383
coconut,17.039881042159863
banana,13.889263124556525
orange,9.225226533585062
coconut,12.498699794628696
jute,11.864127043139964
coconut,13.0105643864595
banana,17.277456151636006
coconut,13.996421625826525
orange,16.678451560804504
watermelon,14.118805323056542
coconut,16.06580382807832
grapes,9.521830142002646
apple,15.770570018055905
coconut,7.985963771355796
lentil,18.197792379427803
coconut,16.62699651020141
orange,10.18362840273698
cotton,7.84297171438427
apple,16.321937294873685
cotton,9.828198880383235
rice,13.178569787214483
grapes,17.680295248212193
rice,10.860899669015666
orange,14.21462099458586
muskmelon,16.04115038992914
muskmelon,14.316997575519297
lentil,15.884496846330274
lentil,12.851356592415224
banana,13.783222858854808
apple,11.190633187130198
cotton,14.448933619432331
muskmelon,18.951784446022728
coconut,13.37179792329892
rice,10.37224174119365
watermelon,15.346106751266213
lentil,7.441425964624384
cotton,11.038660193549708
mango,18.3629177780073
apple,14.904986518546982
rice,12.464442872692311
maize,6.9372291375323645
coffee,16.819568685886225
lentil,15.909326059351926
orange,13.32162408759124
watermelon,16.170857897433308
apple,11.70117847401493
apple,11.42144853954633
coconut,10.7117463034738
rice,11.027618955991096
grapes,17.50277008310249
grapes,14.572418456372992
jute,14.460100840107572
jute,16.00397329682736
cotton,18.936132467625484
watermelon,10.308584450037412
jute,10.14329343543231
muskmelon,13.215714309744486
muskmelon,12.522685361199844
banana,13.125750439766216
grapes,11.06337135614702
cotton,10.908177498094297
maize,15.297569674850696
muskmelon,14.191331948159288
grapes,10.10406783642521
lentil,9.244029380123902
cotton,12.525132046307755
banana,18.53821268013949
coconut,7.775532374383203
grapes,14.608581561609856
mango,13.898543110242151
maize,14.953336493390214
chickpea,8.077009852920177
lentil,14.074173923109573
cotton,11.766298076582732
lentil,11.41859111658346
watermelon,15.695576564129682
muskmelon,11.466365990045752
cotton,16.14638266464996
mango,11.640069362418636
watermelon,11.291663632391495
lentil,14.298553332018928
orange,10.884003728502408
muskmelon,8.350792383336572
apple,15.678259339628177
banana,10.198149189884218
banana,15.452296224153434
maize,10.468486759687243
orange,15.276136341549272
maize,7.099676330351861
maize,19.22181537594884
muskmelon,12.383843913184837
coconut,9.989969711544711
grapes,14.789578647027058
rice,14.296665745735847
banana,12.26726825266612
coconut,16.764080302101153
coconut,11.891617047674815
cotton,10.031669786390664
coconut,11.008273669402874
orange,8.860130227898821
banana,8.634646479130922
muskmelon,8.262684811827956
cotton,16.715543412264722
orange,17.662015563307392
watermelon,10.83381290521766
jute,14.888151812584828
lentil,15.603475670307844
watermelon,13.934438194915987
chickpea,15.228678743168018
banana,10.506583644007298
coconut,13.39095744680851
coffee,9.88234188034188
grapes,7.121712150059939
mango,11.380505390214688
muskmelon,10.410921823563823
coffee,13.438873461884514
apple,16.909619116140146
apple,16.23246784189951
banana,11.260951855935318
apple,8.398392821612184
cotton,10.94531417333567
muskmelon,8.026218432035735
coffee,11.832156237888118
muskmelon,15.759416905043448
muskmelon,12.007239382239382
maize,11.766896026230114
coffee,14.450680391770565
lentil,12.874134183608565
chickpea,11.168091807201357
rice,9.042424983941515
cotton,12.016175169784397
banana,13.99053926206244
mango,11.804178254086686
rice,14.015712055308104
grapes,11.584624855156433
watermelon,11.487753563870143
cotton,11.223431304295184
rice,12.502981268413144
orange,15.541258181610312
jute,10.63273737721868
lentil,16.69862587733586
grapes,12.451660737533151
chickpea,12.790875796375587
muskmelon,11.40791329123608
grapes,13.221112168967505
mango,11.963363346607988
apple,10.893398697702269
orange,7.104917738596525
chickpea,12.09341325229996
cotton,11.080043355360653
watermelon,17.311852666871705
banana,9.106916910522196
chickpea,14.600481896174978
cotton,9.385220863414728
jute,12.702521796837456
banana,8.574168104939897
lentil,16.67280129018116
muskmelon,14.440989240977627
banana,14.034593242946748
coffee,11.113067631619185
mango,15.406829664699858
jute,11.92802490582242
coconut,8.197843334450777
watermelon,15.880536720421905
banana,13.215416082346223
apple,10.539364891665658
chickpea,12.555012792570832
coffee,12.524347349844824
jute,13.780661061177153
coffee,11.918562874251498
rice,12.817298860781976
maize,13.007030300314264
cotton,10.075073367910075
muskmelon,11.329494935677822
muskmelon,20.483960980950947
watermelon,10.86555574643532
chickpea,9.003762086471609
coconut,12.222613740400377
muskmelon,20.425425267547336
coffee,5.067116483757282
chickpea,15.629128399858708
banana,5.216038426020317
coconut,18.329381073443823
coconut,17.088080258459446
apple,12.633354662674458
grapes,13.451135383319052
apple,13.504585633692338
orange,13.138910711875434
maize,8.092711602650326
apple,11.394737252253424
jute,14.150304130120643
watermelon,15.440533551663028
cotton,18.02586747985092
grapes,17.0144786247237
coconut,16.469608761845734
banana,9.103578387661416
apple,16.542447904728434
banana,15.644969734119991
watermelon,10.142656308442351
muskmelon,8.238946934532876
grapes,17.892233824037312
mango,12.177301923896469
orange,16.448652560945913
mango,15.405001312188356
banana,11.67641017788596
banana,10.437286020365338
banana,15.366955809176725
mango,15.951729472524557
jute,9.461392066454572
coffee,17.359217259204446
coffee,9.474819340695031
cotton,15.809776145505424
apple,13.60609171800137
orange,12.687175510435678
orange,19.43475222529896
chickpea,15.339535071667314
banana,13.28172975197672
maize,12.911344765214418
coffee,11.986791754104432
rice,18.067816823024327
rice,10.388028875955172
orange,18.350905677387168
coffee,12.907850164948352
rice,14.323635529735515
jute,14.720894046648308
jute,13.881584447467072
maize,11.001773662052036
jute,12.599911772664536
watermelon,11.400311371864731
coconut,15.586171715838832
maize,18.906593667977308
jute,14.79746872078653
coconut,14.266822132851123
grapes,16.0059388395316
apple,16.174679243306084
mango,14.183535083853911
muskmelon,15.660100938046154
lentil,17.64624306907244
apple,11.76792948647761
coffee,16.03800757455049
watermelon,15.259629571312772
cotton,10.93312541416647
watermelon,11.669482349243662
muskmelon,16.10918120068283
coffee,11.18517874905622
jute,16.26867140195622
chickpea,14.276561029901096
lentil,10.01577835580364
jute,14.516840937230471
mango,12.531920705775716
watermelon,9.793938504439714
banana,13.543357795417103
coconut,13.022945507025891
coffee,15.8442982154405
banana,12.607648712689208
watermelon,12.485315851856187
grapes,10.757152899488842
orange,11.579981373062438
lentil,11.772813914700976
coconut,6.054834185528869
mango,5.018266652738604
grapes,20.43914410144796
mango,12.40976049005371
mango,15.791426413146215
muskmelon,9.08992501043257
muskmelon,15.598708330854048
apple,8.288576562207243
maize,12.07600956776858
rice,10.456251883097318
coconut,12.3743515252127
rice,7.621386115466422
lentil,11.243698834722323
apple,12.64947154077378
orange,13.72251746561431
apple,18.35893298302473
mango,12.333357296262683
coffee,15.731233835657155
coconut,11.983402559591724
mango,13.56238912356905
maize,12.835307838318686
chickpea,10.77908591178318
mango,12.658849968458682
jute,11.406429304358824
grapes,16.521238157911075
watermelon,18.13237871606859
rice,20.3210560175081
rice,11.952008149822769
apple,11.671256127138411
coffee,14.466479517086237
cotton,15.785125
orange,16.032310477693702
mango,13.153403245141256
apple,13.954124934316331
watermelon,17.723530065868225
rice,13.681978721548791
cotton,14.241984100854411
mango,8.836194620539102
orange,15.469763502217862
mango,10.496868146685731
maize,15.26569663145306
orange,14.190561710398445
cotton,8.029826520665146
banana,15.42929477959601
rice,5.3284208533198685
grapes,12.614362525911162
grapes,13.617824918410442
watermelon,8.785185054614468
watermelon,15.72785380142526
cotton,8.99402789382351
orange,12.486712506968964
muskmelon,9.946536768088322
rice,18.23062385573952
rice,11.166094827807267
coconut,18.624469735600133
mango,15.501057013843171
watermelon,12.620065105970356
chickpea,16.988096721924464
grapes,14.65746346698957
orange,10.150442477876105
chickpea,14.458223228541389
banana,16.76821124793703
maize,19.823065583978245
grapes,10.013926007469346
lentil,8.21955886317147
coconut,16.31903455453999
mango,17.6324553267101
coffee,11.410497195851097
coffee,15.342929450300575
apple,14.999911273865314
lentil,9.716759993212616
banana,12.951896664068787
grapes,8.596667770430177
muskmelon,11.460507830086843
apple,8.616459257970005
lentil,15.65744590415423
cotton,11.567986012508948
grapes,11.634371807967314
muskmelon,9.034902710839765
orange,14.822648224789862
jute,11.6492711212269
apple,18.108103346894858
jute,9.67779125719543
lentil,14.748089921774133
maize,13.031432008103318
orange,16.008312816970427
mango,19.42431941445948
rice,13.592524885644302
lentil,16.658375861339103
banana,16.594031808493195
watermelon,11.636269294978169
maize,15.945246642197391
cotton,13.08570790215087
jute,16.879134178295878
coffee,13.8689944438392
jute,14.722063394519113
banana,12.998547929839658
grapes,15.265650180417266
banana,12.903458320536805
muskmelon,12.35656476864552
rice,12.708948514470723
chickpea,7.443893198628902
apple,10.825210314557426
grapes,17.180985486034885
lentil,16.457141249613187
maize,9.313570878045889
mango,15.95621504674042
mango,9.987780104806165
grapes,15.337423924331034
cotton,5.637667304015297
muskmelon,8.090320882321826
cotton,15.757521427102716
chickpea,15.018540982474828
lentil,7.484829285130004
lentil,14.501306039049084
cotton,13.094257063258212
apple,8.295812300433834
grapes,16.115722779550516
apple,16.26789793626825
jute,15.830415372670808
chickpea,17.997536637996873
jute,12.129243121029884
coconut,12.11486623286425
muskmelon,16.240263453445177
coconut,11.139534449696026
coffee,13.660820430028618
watermelon,12.65161490386909
orange,15.987362157440767
grapes,13.354254640527571
banana,7.980303051423951
banana,8.892361964094452
apple,9.763854105004324
chickpea,17.458697707602422
chickpea,10.615655082575287
muskmelon,14.151109595088084
grapes,10.688836219619107
jute,9.69572025052192
jute,11.91069334950475
rice,13.024203222822884
cotton,8.5257387873904
coffee,8.597555343121986
apple,11.884911748629062
coffee,16.874365777022483
coconut,16.44836572917798
lentil,9.932544759976066
rice,12.269397140140985
mango,14.141090166986114
grapes,12.852578735587713
watermelon,13.61922523578622
chickpea,15.24738442730198
coconut,11.818485248063292
banana,16.6272363162898
coconut,12.886970721250446
coffee,15.666980740618474
watermelon,10.412940057088488
coffee,14.0347255199924
coffee,9.62498106280021
watermelon,12.549924438687391
apple,10.21295972874194
coffee,9.460802151728505
apple,14.92791468439802
maize,11.219958290117882
apple,18.359602946897493
muskmelon,16.72053465981882
orange,12.00987672002556
cotton,13.599986275048035
coffee,15.16456029962547
rice,12.445611226314336
jute,16.852026576757872
muskmelon,12.90671570803475
coconut,10.84910051015842
orange,11.000055224210294
mango,14.17914677479127
jute,17.891411380696805
cotton,7.63748649516746
coffee,10.741658525469113
grapes,18.75894288605005
muskmelon,14.705455353337506
coffee,14.70975051828624
mango,16.67186659494352
banana,10.650086007176094
chickpea,18.007080179478283
banana,12.49579389852248
rice,13.141842212497563
lentil,11.893744101871873
cotton,17.317673268936808
jute,9.130473948982765
muskmelon,11.96640922665019
banana,8.758560280299411
cotton,13.631278469480716
rice,14.14576247536323
cotton,14.8224118754749
watermelon,15.960757181601815
rice,18.898941893830703
mango,10.701523584876018
grapes,8.120689546698543
coconut,14.123753600709062
jute,15.87268344735558
apple,14.632244938271606
lentil,18.67630371192253
grapes,14.163529214612891
maize,17.120667024089034
banana,14.158881908142812
orange,12.698586755764005
coffee,12.519487323416596
coconut,12.882273032982107
maize,13.550476157924644
chickpea,10.721565260984043
chickpea,8.27364807500646
mango,7.148101418653788
maize,16.049032161555722
orange,10.095898905111586
lentil,12.626659487808404
banana,20.83669798121128
rice,9.485919512473547
coconut,10.761224067969932
chickpea,7.9489260143198095
orange,17.97451077357824
rice,10.388304580306698
banana,9.935125456895644
coconut,14.661267637398462
jute,17.34451062420257
chickpea,11.658556782907258
chickpea,15.374329946656578
muskmelon,13.93552887328359
apple,15.086765293882449
lentil,7.061734504153405
grapes,10.719913820518624
muskmelon,9.15961223375205
mango,7.271879234557292
orange,8.661067127120875
chickpea,12.270058708414872
watermelon,13.59443001861118
lentil,13.26718500070866
chickpea,11.07331838971428
coffee,12.160642803552845
rice,15.877788266196056
coffee,13.182809988012156
coconut,20.089265953522688
rice,10.61578276341078
watermelon,11.214580010632645
apple,15.83618034612298
orange,16.442927206154053
chickpea,12.400023790265026
muskmelon,16.14454763156358
orange,17.503147453151946
cotton,15.041129919016315
coconut,12.992619792045373
mango,11.850251283964653
coffee,15.167223798171896
watermelon,13.258781323302676
orange,14.580901175683351
muskmelon,15.531251875253712
cotton,16.20712938044113
coffee,15.919633622904472
apple,12.089907590492716
watermelon,14.43288861098974
lentil,13.188231404800293
banana,12.953639905318706
rice,12.535382988484296
muskmelon,15.983214590196944
grapes,14.401028112084674
grapes,15.421071455038131
coffee,9.615445436337792
orange,14.27826990968357
cotton,8.003784603544672
watermelon,13.569526756290564
apple,10.797351149454018
jute,12.25809796923916
mango,8.943831808877844
orange,13.047758140010744
jute,9.258363087484868
coconut,17.360167765350717
jute,13.405997405085548
watermelon,11.17871024323454
rice,13.45892187950418
muskmelon,9.700862886664394
mango,17.864405331510593
orange,18.12414481696397
mango,13.4222281875499
orange,12.100582785047193
jute,15.164839510512556
apple,10.70215889142046
chickpea,15.650961374587489
orange,15.275976925895153
banana,10.574791088463227
jute,17.734492318978166
coconut,8.836934288590461
maize,19.3233207529142
grapes,9.343730869207077
coconut,11.801635138137192
apple,14.108391310521087
muskmelon,13.454399862420328
banana,15.061419202711663
jute,16.93889097917835
grapes,15.836135502461824
watermelon,10.584042301372916
coconut,12.936717898125552
jute,7.520692691517464
banana,14.623483512050624
grapes,14.248694077496344
coconut,12.05141046994274
apple,9.492228940017084
cotton,16.510753176771214
coconut,10.149501265445885
muskmelon,10.811690691655173
coffee,11.929974759533392
orange,11.282452234246364
cotton,14.117134127846596
maize,9.454113858729306
lentil,8.43213672739304
coffee,12.044678744678745
cotton,16.832370618205488
mango,17.936540164079563
lentil,14.05593953533586
rice,18.23904637596973
muskmelon,13.285116401406926
banana,15.905322150251292
rice,12.519026690963662
orange,13.718317236670964
rice,12.513715195488633
cotton,15.007175679415043
mango,16.671064056668442
mango,17.856392041352628
rice,7.700458064389895
rice,13.020489443727818
watermelon,12.116069164543513
orange,12.954186803432291
lentil,17.016651654772627
maize,12.376826098315938
orange,13.926160337552744
rice,19.842259034706643
watermelon,10.95679149526734
lentil,17.802536960404044
rice,15.862357655581306
muskmelon,10.19344315582953
chickpea,15.080953168009051
muskmelon,15.205293488593156
watermelon,15.812769590222862
muskmelon,12.79734790816637
watermelon,5.332992341958649
watermelon,12.301869819443551
banana,10.135304421449137
banana,13.444515244246205
watermelon,12.455592836261886
cotton,14.367495939367398
coconut,14.946862554520427
chickpea,11.378990761314466
lentil,19.25582828962116
mango,10.577257477615484
grapes,14.383520314010369
banana,10.302475986988355
mango,16.543766700451485
cotton,16.322126606153482
muskmelon,11.656635065402616
jute,13.504255190247978
cotton,14.325451536041037
coconut,9.23916649853162
mango,17.961167067771935
apple,16.143078905449414
grapes,9.777985355064528
maize,13.019015167375343
coconut,15.26312127822652
lentil,13.869292060012103
apple,8.588514154137885
maize,7.903501784691693
lentil,13.08245231197562
grapes,12.404186150077932
jute,16.09323171115258
maize,17.859296950372308
rice,14.233969643355994
mango,13.915827388562672
rice,12.48534849935616
rice,11.165621395617071
chickpea,13.474501389930724
jute,14.335321294805484
watermelon,14.205651881005569
banana,13.60210769665892
lentil,18.347168768989967
muskmelon,12.398404255319148
jute,12.49362234600791
grapes,10.168140532375345
banana,18.067516794087098
grapes,13.554275633042757
muskmelon,17.168033022349306
cotton,9.72977965098462
coconut,19.73244517183274
watermelon,10.767806965215064
muskmelon,13.761311370414106
lentil,8.060688550840672
apple,12.898458842969715
cotton,12.88130901158626
mango,17.08210147822613
rice,15.983245605198206
muskmelon,14.330086389280677
coffee,16.524025998739813
cotton,12.63682747415126
orange,15.716973141891271
mango,15.813221107978036
watermelon,8.995065102955452
muskmelon,13.813718012413668
grapes,15.930434565351367
lentil,10.506909312672388
banana,17.852850462640532
jute,11.524251944633912
chickpea,17.011776277672233
lentil,11.896635287538448
grapes,9.239061314673489
mango,12.47222382940034
jute,17.633078195402955
orange,9.601662800463943
apple,15.264640944503668
grapes,10.127255046609884
lentil,14.484166519011614
coconut,11.9688125236576
orange,15.52122649185206
grapes,15.71882374509016
banana,11.889615168771908
grapes,14.45643746604712
maize,13.96749291293183
muskmelon,12.95822638086867
orange,16.196566936712923
muskmelon,13.813320702589667
banana,12.745207591730976
chickpea,15.600626411597784
apple,17.976963886820553
coconut,12.394586484708976
coconut,13.39816158877014
orange,11.375875601629026
chickpea,12.92089099438416
banana,11.437537300675686
apple,19.942891615976595
rice,11.568452358878892
rice,12.386488356316203
coffee,17.853951733309007
orange,10.972725690559658
jute,17.192649737490623
maize,13.811323121524245
muskmelon,12.723083278003884
lentil,18.236749933532927
orange,10.82495123648589
banana,13.095243372639418
chickpea,12.12370951535566
watermelon,12.19969734416584
grapes,15.16004109111185
orange,10.860272459499262
watermelon,11.13841351003513
mango,12.64304310229222
chickpea,10.258068188286186
rice,9.007862115472342
chickpea,9.05910300999289
apple,14.207896013280717
chickpea,15.81589681466786
jute,13.299461317320384
muskmelon,10.370207948859422
rice,16.549271255060727
grapes,16.716983387796464
grapes,15.63241353477338
coffee,10.877593117606803
rice,5.9155641553829845
grapes,12.47120144664166
apple,14.73830876677337
grapes,11.62499767911281
coconut,13.103396548374628
watermelon,12.636443836158564
maize,13.715956725965569
muskmelon,7.701626293453525
banana,15.431245177569703
banana,9.900474954239296
maize,17.00509417196704
banana,16.598315677710477
muskmelon,19.84547194298409
rice,7.889174206034603
orange,15.591939489038865
grapes,16.639286564041786
rice,17.646114801821305
coconut,12.707408809689245
grapes,14.13067276869418
rice,8.038632312429105
banana,14.46885866230313
orange,10.882214032875916
lentil,13.336224029414824
cotton,17.12181157882438
coffee,13.880236921263991
apple,17.45463821823132
grapes,12.926241387033452
muskmelon,14.723196704556331
mango,13.218557417402032
maize,9.716883811740852
coffee,11.474002418379683
grapes,5.81578824080581
maize,14.062565797393276
chickpea,15.163758895555713
cotton,13.871667775585522
banana,15.864277009302038
apple,11.983384479403654
coffee,15.618907214595042
coffee,13.309261588489738
lentil,13.0425066686704
muskmelon,15.798838840736169
orange,8.796163038157589
lentil,9.271644300710197
maize,10.973833585512388
watermelon,15.280925407997918
chickpea,11.551646328993115
lentil,11.074830665769008
grapes,10.922290762429563
lentil,11.81932090515255
grapes,9.09158389826055
mango,12.908859728478657
apple,13.876512311382967
coconut,15.660461443153975
coconut,11.29473366450473
watermelon,15.302004078990755
watermelon,12.214082923401264
watermelon,13.084865629420085
apple,21.46569207297371
banana,17.76326094113269
watermelon,16.189261450443713
apple,8.230609374551507
apple,14.425362967576191
rice,14.335184580202547
orange,15.495986663373673
jute,17.471944510445415
muskmelon,11.033304615384615
maize,7.900061212672678
rice,10.170648763300436
apple,16.535598644341132
banana,14.30483303118678
chickpea,10.480730425120418
coconut,16.329821728376075
banana,10.936114320462146
watermelon,12.577060137321771
coffee,14.007028622260233
mango,14.396423751686909
banana,9.19258214069744
watermelon,13.477912765364731
watermelon,17.964173709668845
coffee,13.6715659263027
orange,8.660364263961243
mango,13.2420312689371
chickpea,11.488172315394989
chickpea,8.529506842587011
banana,14.898136515333483
rice,15.3173295825589
muskmelon,8.412734272110221
coffee,12.65701330207645
orange,11.85575914117362
jute,14.013799568024076
banana,15.020608912377211
banana,11.345159197794477
cotton,14.68602971300429
maize,19.0020264311859
coconut,11.096677770585666
grapes,16.021925466759598
orange,15.610562883202082
jute,9.810899414862876
jute,15.673736066073728
lentil,10.550671507631568
jute,10.792917408922731
rice,16.45869069475823
apple,10.622861300297084
coconut,10.394714154229725
chickpea,13.26334365993126
coffee,12.500459282557363
banana,12.710406416793392
lentil,15.470855764857689
grapes,15.859524566703769
jute,14.282762655499448
mango,8.419973488888989
orange,12.072081337603947
rice,13.925819444444445
cotton,14.022973055538584
mango,15.806657949518282
rice,8.46017175152301
lentil,11.563781606175482
coffee,14.178168610995584
banana,13.177489930793463
banana,12.41073928763751
muskmelon,10.116002120890773
rice,16.602094794752436
coffee,15.105673293513629
rice,8.645922686918983
coconut,10.66928060006819
jute,11.572325364504623
mango,9.2648710974456
maize,10.32247785354662
cotton,12.201566719463242
cotton,17.92691846864837
watermelon,11.55934751980836
maize,12.471853457042071
chickpea,14.185264155413408
apple,12.859391460618454
lentil,12.184964616253978
chickpea,7.901463493805831
coffee,12.29267765287756
banana,7.574650912996777
watermelon,14.71803871356481
rice,12.380941030246792
apple,13.499386425851924
coffee,7.456743137514918
rice,13.426597128459273
cotton,18.012257941053882
coffee,13.775484338221982
mango,18.57848679431191
coconut,9.912849760709358
banana,14.422095315736495
orange,12.724002039187276
apple,8.159735581793953
coconut,11.244485553206482
maize,15.851108751779552
banana,14.118886826712744
coffee,7.662700649793786
cotton,6.28062771270911
banana,11.889518138178282
coconut,13.475262573183116
apple,17.298683208995328
cotton,10.690135201059306
cotton,18.497089947089943
orange,11.103746732194251
rice,13.074596803534682
maize,15.17549245539604
apple,16.76726471474878
chickpea,8.429875337808387
lentil,11.085351880600555
rice,6.263871568871969
coconut,9.398584173960458
coffee,17.646489263601634
orange,13.21724498358532
banana,11.129074708592894
grapes,14.757936425796748
grapes,11.88939518372321
coconut,12.418688865764828
chickpea,8.79565924239961
mango,15.95793150144176
orange,15.0406835044189
orange,16.22560592605428
banana,9.03674525058856
coffee,12.287723829667122
banana,3.588527573743402
cotton,16.392892318801778
mango,15.8675799782903
cotton,13.162246285833856
lentil,11.9563286707315
lentil,10.315745168677468
banana,14.658370482115677
banana,17.071971399733677
maize,11.644466126500657
maize,12.909255421053013
jute,19.96503671889083
muskmelon,13.163437130184196
mango,15.362007289645051
apple,18.757628421509978
grapes,14.456589948673304
cotton,15.229496622725213
muskmelon,8.986777483944088
lentil,9.943471586636363
chickpea,14.314644220212264
apple,11.83684672057006
mango,10.248766073168383
apple,16.46934542642199
mango,16.79666804449796
maize,12.859629194282835
coconut,12.749072672532808
coffee,17.6136588886216
banana,13.697962238434531
muskmelon,10.662029866448464
coconut,10.31107886299234
grapes,9.66465350440516
cotton,10.042922048936118
watermelon,12.655498300329144
banana,16.405309367204406
cotton,17.49673464780556
cotton,11.673918924457926
chickpea,17.23642780078236
watermelon,13.781759953061398
watermelon,14.277200822058232
watermelon,13.80086629936046
mango,13.305391363862618
rice,12.05700751388435
watermelon,12.06910576140946
maize,14.075597221146149
chickpea,10.195452060017155
banana,7.555481688598635
coffee,16.49430783242259
muskmelon,10.191721120014192
cotton,15.57739845890254
apple,15.498422644458271
orange,13.992229602707104
chickpea,11.555609613051995
rice,13.01275655440448
muskmelon,15.66525080446716
coconut,8.378954772134028
jute,10.009001168558424
coconut,11.18217960967788
banana,9.229125662331835
watermelon,10.291213031229953
grapes,11.258380199263469
coconut,15.990928032508965
coffee,13.396410704359564
apple,19.85905912952936
orange,14.645220962365617
rice,13.532346206179406
maize,15.97750569052472
cotton,14.302452292303297
jute,20.2483520795187
muskmelon,20.085426049137897
maize,9.801901336073998
chickpea,8.959024507304198
cotton,12.217124889416183
banana,9.501366487247664
lentil,13.07976281669362
chickpea,13.698332537554634
orange,12.394411118425325
mango,11.720846639001504
chickpea,18.341857592355204
rice,14.412048922004466
coffee,11.821543764618983
jute,13.403628223163215
chickpea,10.24756431039282
maize,8.440935648022114
watermelon,19.4740263947988
orange,9.591266075876444
muskmelon,13.217763354195135
muskmelon,13.05423625109942
orange,9.909010989010987
jute,14.070206166097073
maize,9.471887257454268
lentil,18.86256319382916
orange,15.074128488046696
lentil,14.581647958393452
rice,16.457267789745007
lentil,6.963106567970861
chickpea,14.139640500466518
cotton,11.508539241565336
grapes,12.961140895486716
jute,11.609936827913144
coffee,12.114087671755206
apple,12.670302396310015
grapes,11.23762645352541
chickpea,7.464651299801164
jute,13.670180612945144
coffee,10.859434761630164
grapes,18.09853799010559
orange,14.082680405397786
banana,9.129963722830228
watermelon,8.646757399876616
coffee,15.39227466446155
rice,8.545065344749887
lentil,18.88551900183198
maize,18.47096261117464
coffee,13.185855574220968
jute,14.46885080842245
coconut,16.075454484470384
rice,14.996532973455224
chickpea,10.947030371644912
grapes,14.869009349914585
muskmelon,9.18529775639242
apple,12.158993127883662
watermelon,16.65791592753378
coconut,7.924421261437161
jute,8.995371901838988
watermelon,16.00369468951763
cotton,10.425338298359828
orange,8.813226976069616
mango,19.89376704216818
chickpea,11.674398759238256
apple,13.254819500382991
banana,8.144699151706451
coffee,14.888543374658171
coffee,8.570441059521626
maize,15.718523835157605
watermelon,13.430482491886844
orange,13.217054094503858
coffee,12.189572565301454
cotton,9.928777120873526
grapes,16.279700713241816
jute,19.677505299008445
chickpea,10.892268688452823
jute,17.874788696575763
watermelon,11.698995939131596
grapes,10.56082682764942
muskmelon,11.02616760373909
rice,12.880558235056164
coconut,12.076667188478396
orange,14.416145794111005
rice,13.57355366749456
coconut,16.636307933382888
banana,11.26190340787921
rice,16.736848807937214
banana,9.380467769259832
banana,19.97229771241649
coconut,14.575397149887378
orange,11.930008257145412
orange,10.613700374715291
orange,14.744587019198416
mango,11.53142112645824
rice,12.66691893895599
lentil,14.786664195357028
coffee,15.631730769230767
orange,6.076224312810225
coffee,8.125657763662147
coconut,15.095462093763723
jute,17.89295656022041
chickpea,17.744459620214126
coconut,12.86138298421956
apple,9.007659850697824
cotton,11.095042659605769
watermelon,9.449550279911042
rice,16.75525732266171
chickpea,18.09551132299165
rice,15.220329967169512
watermelon,10.325946285643251
orange,16.04996502207228
coffee,18.897006066529208
grapes,13.227275634056811
mango,12.897681522740667
apple,12.087890753177431
muskmelon,14.662713927412216
chickpea,9.344114408969377
rice,15.708387731952143
muskmelon,19.520682538021816
mango,10.71368635270913
lentil,14.84630300821843
maize,12.922090593173891
watermelon,13.100855259506822
grapes,12.607144303592404
grapes,9.2510192345215
orange,11.581130772279714
cotton,10.85657109468145
coconut,16.141501359074518
maize,13.822922695867552
grapes,16.769604201056314
rice,17.661813290688087
chickpea,13.015289327396552
chickpea,13.335907233806244
coconut,10.765102320290673
cotton,16.955571415208407
grapes,11.89596979271018
muskmelon,11.05643404897934
banana,11.399804439937707
cotton,11.10632011449148
apple,14.508779274330545
chickpea,17.44052227263794
cotton,11.991573555790882
cotton,14.756890861499942
mango,13.733635548151469
watermelon,12.138287912823907
maize,17.609082161219188
banana,12.27710683201429
chickpea,8.121207883581699
banana,12.589814100891532
coconut,12.508878055420848
maize,15.449714696109924
mango,15.59926755247506
maize,11.878229261326757
coffee,12.364939604298415
rice,14.950624977914556
jute,13.28062328668302
cotton,13.044908076336675
maize,11.761689092082692
maize,17.308393831290516
cotton,14.825436408977556
chickpea,10.34650441969923
maize,11.514301894714231
watermelon,12.09334857820015
coconut,8.039049527778072
mango,12.182340929941788
muskmelon,14.980935285887094
jute,12.76646233611925
chickpea,13.007688582152804
grapes,12.756180994319996
maize,12.186688698581166
maize,17.214414830387753
chickpea,14.415021922209723
muskmelon,10.697756432769074
grapes,14.337773069127287
cotton,8.437183750180715
rice,16.187929074492686
coconut,14.12549883768708
apple,11.062977394715112
jute,11.946423345758436
muskmelon,7.933142633132832
orange,13.820957930513286
chickpea,13.90271541865148
banana,10.92378726878572
cotton,13.19515653976219
lentil,12.221857286645124
maize,12.38580078888217
orange,9.878369573452533
chickpea,11.57860121265838
jute,13.199409288394955
orange,11.384084680976184
chickpea,11.82207923655292
apple,9.79607665322292
orange,13.060155776841928
banana,14.47366689731054
maize,11.71887028574679
muskmelon,11.008551485623409
apple,15.797788785869086
apple,15.925727270715132
grapes,12.877503443208017
cotton,19.30758219804704
watermelon,17.69118201769426
chickpea,9.895728739264507
muskmelon,10.955090193223295
grapes,15.781153116027053
lentil,16.59846937723044
orange,12.549328152824996
jute,14.526028502021106
apple,13.515206865423169
coffee,11.870558826515074
apple,13.457542852500744
maize,14.258394690292247
coconut,13.388700793881918
grapes,14.679493693538236
orange,11.205773146484608
chickpea,14.23949436155899
jute,8.749136270956049
coffee,12.396758545385731
mango,19.88348051531988
banana,15.295064024376105
coconut,14.139754795903649
coffee,14.097806424784284
jute,16.200033685831496
maize,9.159993983911816
muskmelon,13.088453038674032
mango,15.3871396957898
muskmelon,13.006093601558426
lentil,16.494943813233448
maize,13.059013410571437
apple,11.190007379507152
watermelon,12.226395799152538
coconut,16.122202486678507
coffee,11.081194188931384
coffee,12.486825252227757
chickpea,18.58361174709784
coconut,15.76663039513861
coconut,17.718718606987387
coconut,15.292639708413969
jute,15.72859179409065
maize,6.978921287104343
cotton,18.83239911165392
cotton,13.145956517784043
cotton,6.300088409682783
watermelon,9.67060150573175
coconut,12.708837498288734
orange,12.319433141938225
grapes,14.5939422311155
orange,14.162097648877388
watermelon,14.022531531240928
banana,15.42033992636356
chickpea,12.373476877500613
banana,11.369146427522056
banana,8.170807049771247
coconut,9.527388535031848
cotton,11.968518606984189
jute,14.377276486953908
maize,15.128047260581283
banana,14.233706834973402
coffee,16.11847821663918
apple,11.120025470451052
jute,9.933099648195324
rice,15.213071326184384
orange,9.44390543569592
coffee,8.021146874228466
coffee,12.126583878852584
watermelon,10.100299802853376
jute,11.80786950405864
coffee,17.758079557692096
muskmelon,9.672602722726202
jute,11.377053012755216
coffee,13.583792078802336
chickpea,12.812449173065431
muskmelon,17.32453736062268
mango,8.998738725370698
coffee,10.904360166301991
apple,11.860276711031617
jute,18.06970830934561
mango,16.20925421910542
coconut,11.285652126618078
coffee,12.754920858847209
mango,10.803286208895267
muskmelon,11.841845981480873
rice,7.270214722881443
orange,16.328483045386815
mango,15.087908940147743
maize,10.13913812392836
grapes,10.34063195180912
apple,10.793175229417791
orange,11.812570462232244
jute,14.268897024616193
rice,11.033316491812048
maize,14.058656766156776
mango,16.911721085994497
coconut,8.45028917653539
chickpea,13.10171281149711
muskmelon,7.615389196270992
mango,11.283848996624696
banana,15.325126032312914
grapes,13.905218334199292
mango,9.574047671927726
muskmelon,16.091481714126186
apple,12.828263731500543
lentil,9.954254139990406
maize,13.625917473632272
watermelon,13.338432731541
lentil,17.022411162106724
grapes,13.35536235555234
rice,8.990555267254798
rice,12.441879620700735
muskmelon,11.607401748691483
maize,12.292897591083412
watermelon,10.20891402946683
coconut,11.05734629667243
coffee,13.246908458377902
coffee,13.234406520567855
orange,13.78418569052383
mango,20.134657627632176
apple,12.493828990874963
maize,19.90103916967357
maize,17.74900326456901
maize,16.1024696877395
mango,7.798208999962531
coffee,11.62400869957298
orange,11.071129619989588
cotton,8.975214517625233
apple,13.991641169380436
grapes,14.046112357150486
maize,16.539769277474196
lentil,13.771621920216395
mango,11.368799892151104
maize,12.339767230722671
rice,10.702853745541022
cotton,14.22300963929736
jute,10.400633012755264
coconut,6.640596717750694
muskmelon,7.724623781088431
lentil,9.854421305607987
apple,11.960178443236591
muskmelon,17.095326598042956
apple,14.771157994524897
jute,14.989728546731897
muskmelon,11.05397538361166
cotton,11.433051484597875
coffee,18.37672548023009
grapes,13.882764676605875
maize,20.974809052876683
cotton,15.419800010470658
rice,11.758409828145489
cotton,12.141844866376502
muskmelon,12.46010894185091
apple,8.468824669762409
chickpea,12.38058082035836
coffee,8.996773963568959
mango,14.85009567951689
lentil,11.85717107862505
jute,9.812938614180853
coffee,17.68892776291418
banana,11.967110698058653
muskmelon,12.871767680887512
banana,15.591746357452044
coconut,9.79080516020282
coconut,15.142895514370132
apple,7.930311716230742
cotton,12.988465784960889
watermelon,11.659280805315538
grapes,14.14041178387723
rice,14.231292914799011
coconut,17.0981308964358
orange,17.715393148450246
coffee,11.858276903220844
orange,14.536716990738022
maize,12.322151125081076
coconut,15.313997750131794
cotton,10.963566365277748
jute,12.293752982225936
banana,19.253669659398604
muskmelon,12.76085881153089
watermelon,9.689890378147211
grapes,14.362629776742912
grapes,14.42495723150726
jute,5.272118692720621
coconut,10.116857927913369
cotton,14.537281891383207
chickpea,9.655118516678206
lentil,11.293449818775688
watermelon,12.17611015460826
apple,17.401802407770536
maize,12.13200136612022
rice,18.0370467689951
jute,13.679458839715664
mango,11.307671066769917
coffee,16.049534362413663
coffee,14.140212206975091
chickpea,9.628799896820787
lentil,18.08401264348694
coconut,14.218642207377163
orange,13.641005198986674
muskmelon,14.34637503847142
watermelon,7.330905729569183
maize,11.248459251304329
maize,11.103588080275692
coffee,18.95047537547773
banana,8.59094083461529
coconut,9.930977955995097
orange,14.357723184335308
coconut,12.78522333032442
banana,10.22131121168572
maize,16.438546086836364
rice,11.794451048698043
rice,11.362162391481256
maize,15.276449242604814
cotton,10.911340169824795
watermelon,11.62535414165666
grapes,11.85881609676801
watermelon,10.114295957589365
banana,6.735541335220045
lentil,15.808062265028733
jute,18.23535540634406
grapes,11.700002529560727
grapes,10.126901399012723
cotton,16.24002959674436
cotton,13.724038838737531
grapes,9.983145898152296
lentil,12.470387891617884
chickpea,11.454021946615764
chickpea,17.586039440659736
jute,13.8390357642501
chickpea,18.32439636249608
maize,11.510725891613651
rice,17.61592440828278
coffee,13.255240956276758
mango,11.212929280782452
apple,14.308517373654611
rice,9.185898179287951
apple,4.964303749043611
banana,12.790088138733362
chickpea,13.640278396701694
maize,8.051966785353905
coffee,12.081024749728288
muskmelon,17.132320170757737
cotton,19.98858371064639
coffee,7.884903272464292
cotton,10.994968149456666
lentil,14.883453105818374
cotton,12.281768407289368
coffee,14.575275397796815
mango,15.455058156965148
muskmelon,7.426935046800857
muskmelon,13.267439703427137
cotton,13.7352973771703
lentil,11.320053309359894
orange,17.910380226035535
orange,10.645255645255643
coffee,16.513405215694
coconut,15.033946126171545
watermelon,11.885764277210576
muskmelon,14.910171593963202
cotton,12.817583997264093
lentil,11.107506601282534
apple,11.89370558870876
grapes,11.538456362602815
coconut,13.638934525710637
rice,5.731159882958013
jute,12.943986084667278
cotton,11.863602509588384
chickpea,14.435388389206867
maize,14.714589742741516
orange,12.844707339329943
cotton,13.933602207140812
coffee,9.537098785512905
orange,12.658089731020365
chickpea,15.322952473412748
chickpea,13.511839354525218
banana,11.622022536873866
watermelon,20.14806574919996
rice,17.55640036314117
jute,13.25917855416677
lentil,12.1014640169492
mango,10.224923907425488
mango,13.681085104623271
coffee,14.189038212790212
apple,13.968725059623544
maize,16.420078690431083
coffee,12.23280082813418
chickpea,13.089180103747095
banana,11.407437198610504
grapes,10.973360142395675
watermelon,15.020085987377184
maize,14.668361436003394
lentil,14.665581051073278
banana,11.894489344695252
orange,16.459574885965544
jute,13.397110629842874
apple,18.62228221568722
chickpea,11.435763082841412
mango,13.82710450011868
mango,14.663379504414925
grapes,15.509908286930887
muskmelon,13.324137151256467
jute,8.885536749747438
maize,14.29937861307771
apple,14.74621523355655
cotton,14.916001381594956
watermelon,10.658396874741255
muskmelon,14.704295784686552
lentil,12.07970547538052
lentil,16.402092532155883
coffee,12.007905843431866
muskmelon,14.699496948494676
mango,14.91160098794559
coffee,13.091578798770756
orange,8.66866679167448
orange,11.722660321207478
cotton,18.95441302960517
jute,18.727254480208963
banana,12.87537602516334
watermelon,10.832764371553116
orange,16.74165668416869
rice,13.03044864076157
muskmelon,9.979961410766744
jute,12.358193386878064
coconut,11.049319822475336
chickpea,13.57462965437428
cotton,11.234055798867589
muskmelon,7.242093077101181
lentil,13.690148321623733
grapes,17.855781725888324
mango,14.42673156443832
grapes,12.411878749354416
grapes,13.190306382527222
muskmelon,11.688500411701368
maize,9.62293777356065
coffee,7.760977841024599
banana,12.530646778835855
grapes,16.502439322017352
lentil,9.599708497390486
coconut,12.145848828221842
cotton,14.34496485918022
grapes,11.82945163649524
cotton,11.620330641925117
orange,12.56734730379995
orange,12.589844937671025
cotton,16.05089064562538
chickpea,11.908761861284116
lentil,13.013326147665474
chickpea,17.059517101884285
coffee,10.050470166227242
banana,16.92550817990851
apple,14.61713926251808
maize,8.620634700665189
coffee,16.0409346605051
banana,7.274951305819847
lentil,16.24457874430205
orange,14.51273387597085
mango,10.948357864296725
mango,12.925370177660202
apple,10.804751280572894
coffee,13.368380558128589
banana,16.23391990291262
maize,12.770742884708152
cotton,12.651865981855243
watermelon,11.72937830738924
coconut,13.958386873047704
cotton,7.928346514998183
lentil,14.767389869065283
orange,10.632172059133612
rice,14.507347074772955
watermelon,13.785241024712088
coconut,9.110760148323797
maize,15.82451903006882
watermelon,12.497116365092536
banana,15.182913431279443
orange,9.819370655392708
rice,11.71733816920287
banana,11.956570310119744
apple,13.586909969499091
coconut,10.644077494211883
rice,18.36170117665464
chickpea,14.015175024148045
orange,11.0319019875088
watermelon,17.137705019880716
rice,14.395795930801745
rice,12.449936797969311
chickpea,9.589812243575109
coffee,11.430732891399709
banana,14.058461719855368
coffee,7.27175764538108
banana,9.979666552885034
coconut,13.14375079343539
mango,8.098634070133215
cotton,14.139275424508062
jute,17.390534318827285
orange,12.602755790090882
chickpea,16.269685169295755
coconut,17.066523284449094
mango,12.763481221220784
apple,16.082475681295016
chickpea,13.011273562912145
banana,16.610906978360827
rice,11.933519008244684
grapes,12.345540753546551
jute,12.077038116333211
grapes,10.853158079058762
lentil,10.4111206599475
banana,7.942512758806688
grapes,17.949217181854678
maize,8.997504886030177
chickpea,10.327398345243582
watermelon,18.77245264055908
maize,16.695329208677055
cotton,15.45892773892774
chickpea,13.802820538570794
orange,13.113675137331963
banana,10.72722093238566
maize,11.436228162328314
chickpea,11.967458954328032
apple,16.033950945563614
orange,14.855124398484692
jute,9.229313677725566
jute,10.987117897686652
cotton,12.697226851327516
cotton,14.16485231584502
mango,18.095269938923813
watermelon,16.989460852320025
watermelon,14.32299709679412
muskmelon,14.206625283633713
maize,12.98303510449392
grapes,6.749694614103276
maize,9.764220703765687
chickpea,9.087769574187217
coffee,14.633115741691253
jute,13.830184407154896
banana,10.457860122283131
banana,17.259415632437374
maize,15.32994912839992
banana,12.193839238853975
lentil,17.55019273154486
grapes,9.62892781277334
orange,17.444944701545218
mango,11.186567164179104
watermelon,9.052210811961263
coconut,6.577179487179487
banana,12.358703158506888
grapes,17.649278111497523
banana,13.761221119309834
banana,13.497551221127743
jute,10.353545516715531
coconut,15.634730624643902
mango,11.2692165038832
banana,18.498691576402
apple,18.87453343767751
apple,16.721494377025223
muskmelon,15.584579343540376
maize,7.356459487657385
coffee,11.797772363383222
coffee,14.380450085422371
orange,14.581030952414345
coffee,13.300616086894944
coffee,7.666132207460969
maize,12.891434968358045
jute,9.263193450704376
maize,14.305113931431592
coffee,10.17002458762025
orange,10.713074025717852
watermelon,11.99462452818484
chickpea,12.07984429065744
jute,10.328408912091676
jute,16.6605731864183
cotton,11.4891340788812
lentil,10.16643086210149
coconut,7.382805363258131
coconut,12.97387408105656
jute,14.01446261898161
orange,12.082150972360491
chickpea,11.520578531914436
chickpea,17.30070197157871
apple,12.942141420709753
cotton,12.140808174997238
rice,13.689459385868288
coconut,8.104832901518057
rice,12.990129549660704
chickpea,16.631017724935266
coffee,12.43974541736864
banana,12.375586284686278
lentil,11.380526585814865
muskmelon,11.688404384896469
coconut,14.632192374350089
coffee,9.926386284720351
maize,14.863794653805282
coffee,8.409595117260665
jute,18.95516861510791
grapes,8.075685561846182
maize,6.426856986998819
mango,18.446354136302688
muskmelon,19.3654972844293
mango,10.89483941378235
grapes,17.568117132713244
cotton,14.764204709274388
mango,14.072273878584852
apple,7.92301707186853
watermelon,12.449411281489594
coconut,11.578741535104871
muskmelon,8.451085845256948
jute,16.206962153410238
lentil,10.34842522275892
lentil,9.290075125419692
banana,13.783056823221896
watermelon,18.822396861652024
apple,16.597901868169572
cotton,14.538388023608366
coffee,15.075802590210277
mango,10.878670527625626
lentil,15.403689165982865
coconut,16.237973224008712
mango,10.470234484213858
apple,17.908920911953008
cotton,11.684870809957143
mango,6.290892090154147
watermelon,14.530217031688014
rice,11.055851373936024
apple,13.398677159872191
banana,6.499835737288472
jute,9.891800816106905
maize,12.766149670305486
coffee,14.011068945716822
cotton,11.781591129601052
watermelon,11.704594163039058
lentil,12.51041181025634
watermelon,12.258374919246869
watermelon,13.084202552022916
maize,17.4939352723072
muskmelon,17.654605966008887
orange,9.606085957343868
jute,10.36134924637194
jute,11.8254918784932
orange,12.62086326764508
lentil,8.971093634070337
rice,11.991805199000742
coffee,10.367366919882762
grapes,18.54374042292369
muskmelon,14.016292020527043
cotton,9.16959102636459
maize,15.395528986114938
mango,16.751897646674053
grapes,10.956096430227168
orange,13.003519257613588
muskmelon,9.309911648642728
orange,10.162002534245342
orange,11.42390088358041
watermelon,11.638377220461962
coconut,13.242599619399112
watermelon,14.54209460746026
jute,19.078497511297563
coconut,15.131288109094069
coconut,12.204186539480656
watermelon,14.782375532761932
apple,10.987776520864756
maize,7.555942028985507
lentil,14.83270776175152
maize,12.542495193628122
cotton,19.25159721380728
lentil,13.954684583271384
lentil,16.18826885551879
apple,12.299516017515556
chickpea,13.544301417166691
watermelon,7.439617513721282
watermelon,17.699623341740423
maize,16.32679105080365
rice,9.42797031208809
chickpea,11.79826479588029
lentil,15.894317007556102
cotton,16.014912873367738
mango,9.69865027832069
chickpea,13.133321302035364
maize,15.820568017366138
watermelon,15.405812501660334
coffee,15.645240200412616
banana,13.235320989454246
jute,11.311900682110258
watermelon,12.694116350410551
rice,18.00194721032943
orange,19.27905569007264
coconut,9.420242591799385
coffee,15.592557289140844
apple,8.64152488900616
orange,8.130998501988739
lentil,11.703936455602882
rice,14.499105094658296
lentil,11.88545500844966
orange,10.868136540330418
coconut,10.022455902306648
jute,17.009572848878772
coffee,14.10867339219818
maize,9.07581624777692
coffee,12.121610255291971
coffee,13.751847129637367
maize,8.982671619011377
rice,9.626004524470282
watermelon,13.66237867218843
watermelon,15.895160516339557
jute,15.305707540619355
coconut,13.07289641036422
rice,16.275509025213232
grapes,11.485938873156917
watermelon,13.009739397750298
jute,13.88171183067681
banana,10.423463934096846
cotton,7.517431375231651
jute,16.84659616671056
muskmelon,13.910802146632443
lentil,17.488948300524484
orange,8.36055412162357
coffee,14.47926776533897
mango,12.558902291997734
chickpea,14.040840968818808
coconut,10.607290247496634
lentil,6.266696309470876
banana,10.15696245928804
apple,15.314493983005766
coconut,8.81713738630924
grapes,10.67443526064149
rice,16.030552978663334
grapes,15.476917282151222
coffee,15.350818860515226
jute,11.877653819160136
grapes,14.140109588036946
coconut,8.976467680207078
coconut,17.16920090585571
lentil,6.839330532033644
coconut,10.277961318741829
grapes,14.766632798211743
muskmelon,7.505782853178514
rice,7.882683532770022
jute,15.603108137276063
grapes,9.936832699963809
chickpea,10.079483017993
maize,13.250304419454194
coffee,10.90629887054735
maize,5.276341977839171
watermelon,8.799548711845075
orange,12.919666301158758
rice,8.383131907749593
coffee,8.287701771463526
muskmelon,10.991555808224373
apple,18.39736008542484
muskmelon,16.40611464014744
maize,12.730048241027768
jute,7.787707299358431
chickpea,13.020202213443271
jute,11.060466096074776
chickpea,6.287685417691372
coffee,18.748483000684136
grapes,10.343026453908031
maize,8.268956479091793
coconut,11.267359205568654
cotton,19.456372100867185
coffee,11.743498301578953
banana,12.973207291777635
grapes,14.201006949368882
orange,14.118589915468313
cotton,9.03436860257096
rice,16.73844582343778
cotton,14.574068635677126
maize,13.039558051535389
rice,15.527501527570005
grapes,10.106529640305803
muskmelon,15.70494699646643
mango,15.29932300065814
apple,11.316097917493774
rice,16.074755060313308
mango,7.354128198364549
maize,15.780762172793178
orange,16.03609918941934
coffee,12.77016869801026
maize,14.432122084827876
maize,15.960427923467895
banana,16.447424691743407
muskmelon,19.32922995026034
jute,11.84675568589837
jute,13.211438046600245
jute,17.475000196941885
jute,6.717059686981719
orange,13.71404835737387
chickpea,11.839710543399397
chickpea,17.747583406298997
chickpea,18.402931737849
watermelon,12.609174981747383
coconut,12.13586336386194
orange,15.993659949231924
grapes,15.11409808730022
mango,17.120255002520437
lentil,11.303609207492851
coffee,12.138487255852452
grapes,13.937967694914192
orange,16.184495891336162
muskmelon,10.425904225966224
jute,14.69054441260745
lentil,8.733855495559643
coffee,12.269584901242077
jute,19.11225072014181
orange,14.842538297195324
banana,10.254050881875571
grapes,13.291546582826312
muskmelon,13.40888646389062
lentil,14.172691615023178
chickpea,17.43291870747379
coconut,10.845608961291516
apple,15.309174885911968
muskmelon,8.911287028298565
cotton,18.20099821289572
orange,11.715721484528938
lentil,12.577532943757012
grapes,10.170620114926878
apple,11.7765628714048
cotton,14.494315967529293
muskmelon,13.423824572752675
orange,10.358805351275231
apple,12.283591262922611
chickpea,7.110689183452049
coconut,9.819424007345583
mango,10.39460271031738
mango,13.525682133812596
chickpea,13.814858800821254
grapes,12.488994372774949
watermelon,12.958671721079632
apple,12.023864407468874
cotton,13.70309929924968
jute,15.300237475969691
coconut,6.338158531094175
cotton,12.02451232816932
orange,14.893882646691637
rice,12.448001495207327
grapes,7.922803685728354
chickpea,11.984605063557304
banana,12.311126679510595
apple,15.555707461292378
coconut,7.679318868442735
chickpea,7.92868608055752
coconut,13.63397305854292
grapes,11.583069192602238
coffee,12.612499010214584
maize,12.15834791033718
banana,7.273247800145126
grapes,11.238846528462172
rice,9.912949039264827
coffee,18.52335406984368
jute,13.52685701640774
orange,12.082243865243312
grapes,10.72148287647346
apple,14.93981469570015
maize,16.850798914494725
muskmelon,6.406201682766642
watermelon,12.413398141458638
mango,13.511021974189047
chickpea,14.95117759217982
banana,10.46089564982923
lentil,10.541240261455169
lentil,12.94407066019376
watermelon,9.62918448444517
cotton,11.30585093876316
watermelon,11.9779886392977
orange,9.280155572784931
coffee,13.333889372662313
coconut,15.716212826662904
jute,15.597678672474371
watermelon,14.081656608946382
coffee,15.475812808135553
watermelon,15.163940261549175
watermelon,12.437013723696248
jute,16.461013433844112
coffee,16.768783350273157
grapes,10.71069241006212
muskmelon,8.145122406366946
cotton,11.426596993449204
mango,14.200547931979193
rice,7.277913541754444
banana,12.351737482439631
rice,13.784493410214168
mango,17.04145924138615
grapes,11.297039448777165
watermelon,10.875880411167987
apple,11.388772551546392
banana,10.494101096370787
grapes,15.336814092169272
orange,9.221170727529652
orange,9.369265728380356
watermelon,14.562525975799462
apple,7.637950645368676
cotton,17.591011517275916
jute,19.062885011361164
chickpea,13.741914469130442
chickpea,14.54703787158259
chickpea,9.947422005076836
coffee,14.134113868565295
maize,12.81428546447578
mango,12.502667046607964
muskmelon,9.193645299483848
apple,8.536461067366579
coffee,6.545881351492929
lentil,12.3732109378153
banana,13.911737317071797
grapes,8.959279521803946
maize,8.950339906772061
maize,8.61628270410356
coffee,13.26658628081458
apple,7.314207406083355
chickpea,18.0968480039373
watermelon,11.676887233553668
jute,11.835081458362648
mango,10.106013209717332
coffee,11.289238112666606
chickpea,13.77340299975412
coconut,12.096753246753249
mango,17.758693124920867
banana,17.55664442003886
apple,15.049948339938624
grapes,15.302435103433655
orange,10.999199826216554
maize,7.115063066819556
banana,10.933984460438714
cotton,13.12157808157014
watermelon,13.092956620243886
watermelon,6.922449905853057
rice,8.64959654342739
mango,15.996300442308744
apple,12.88476910779069
banana,13.37092709270927
lentil,14.690666796405068
banana,11.065564098309272
muskmelon,12.948390456636744
grapes,11.586300261192656
apple,11.151448325187744
watermelon,6.929624194935775
coffee,11.148493987804397
banana,11.51921533212924
muskmelon,11.481647712752364
chickpea,12.333991393268738
watermelon,17.913580110710573
coconut,9.958008161280272
orange,9.524977819585038
chickpea,8.280767563454921
muskmelon,17.38552003975675
grapes,11.20925018423759
coffee,9.977860038196606
cotton,15.34838883140928
maize,12.02322592420774
cotton,12.771043069380084
orange,11.00436824906962
cotton,13.048622186507066
banana,13.22261669731145
maize,10.627581777879058
rice,18.989904896666573
banana,14.469659009623278
chickpea,16.700644138341094
cotton,10.20320898702962
apple,10.813445583211324
maize,16.14007096072254
lentil,13.317576705610142
coconut,10.717245148947798
jute,15.01973594664489
mango,17.33327926642012
lentil,9.324394635194835
coconut,10.94825635743333
chickpea,11.249035841270668
orange,12.4665218390553
banana,12.930340827047075
muskmelon,12.659567606699794
banana,11.007846842775564
orange,13.47550962770196
chickpea,12.460960636526558
jute,11.862418716426353
lentil,12.603614400832637
grapes,8.218894503379156
banana,14.412914955564313
cotton,20.342940971480605
orange,10.351888778110114
lentil,18.02741712150909
lentil,14.981934893125912
muskmelon,11.053935748275702
cotton,13.4726110499472
apple,17.987404760739402
muskmelon,9.824076781963685
lentil,10.440965694475588
lentil,19.34107423617898
cotton,16.73547958845005
cotton,6.490843373493976
mango,13.307937707626598
apple,12.709338846888366
maize,11.054123474910558
cotton,12.94016492426595
muskmelon,15.887485340454695
apple,13.108667507069606
grapes,10.618255012509971
maize,8.715122301100608
grapes,8.515094773038934
watermelon,13.164439526768234
orange,13.483007903425175
apple,15.761752288190507
banana,16.643365918225435
chickpea,8.793676749195006
apple,11.744276684516027
maize,16.15286359231333
lentil,9.572684086461305
watermelon,14.006592172775193
coffee,11.05433668408174
lentil,12.711577034712226
lentil,12.778005598664178
muskmelon,12.37869287063642
watermelon,6.9201071697282215
chickpea,8.894944135224211
rice,17.568294377481884
maize,18.43722866073416
jute,12.825245639820848
banana,13.612300801102592
jute,14.861371664359464
cotton,11.0092931205094
rice,11.212854287325095
jute,16.532446949018226
banana,16.86417280374696
lentil,13.825932432490054
coconut,15.46029138502141
apple,12.589262889723557
chickpea,18.04105100725052
rice,10.794698931070725
coffee,17.478036841427286
maize,9.599551159649776
banana,12.163145133356425
banana,14.93534332744686
watermelon,15.27120357822451
chickpea,12.60992443598804
apple,9.582701233098188
mango,13.74263546063009
orange,12.081731941823598
orange,19.48809629563827
coconut,11.62885102589766
maize,11.523060120140991
jute,15.611259492452088
apple,12.344837487864574
mango,15.029208277724088
rice,13.678904520775134
banana,16.87498378550973
orange,10.815874078765312
mango,12.60493882352941
coconut,12.367954043056477
watermelon,13.51432243615031
mango,8.211681556375227
coffee,17.021621737914415
orange,13.674588130801643
apple,10.581891087471751
coconut,16.065054921270495
jute,9.575823352574506
grapes,13.65283540802213
mango,16.235784634594737
mango,8.308066432399254
cotton,12.997453073565094
jute,19.50430268335437
muskmelon,12.48102658111824
coffee,12.58286531195752
coffee,8.790492549547224
banana,18.742426179215133
maize,13.774350840089296
maize,18.04275886399718
coconut,14.800625090089616
coffee,16.278106918626122
chickpea,10.151507175348389
maize,9.791500987798624
watermelon,13.958462753095557
muskmelon,11.213647004238986
jute,9.141899812677504
coffee,17.878142998225847
watermelon,11.942388839772534
rice,11.474936675975838
watermelon,19.86060940300565
apple,10.993662434935745
apple,15.07655878273722
jute,12.970764035707472
coffee,15.156170956028904
chickpea,17.764326149981073
cotton,10.84034669602886
rice,14.450675889024485
apple,12.796289946679783
chickpea,12.952089857045609
watermelon,10.253426940544143
jute,12.049038797253402
watermelon,13.169927911884171
barley,1.6561788425858088
barley,1.722200113203619
barley,1.6535391554928671
barley,1.9041901019522305
barley,1.379214775000802
barley,1.4407535020146849
barley,1.687932159207308
barley,1.8601609965803083
barley,1.6109843692965151
barley,1.3059324107536092
barley,1.6644842080363773
barley,1.9023262995470729
barley,1.6948894824472944
barley,1.9688131702164935
barley,1.8255260618251232
barley,1.4920085851373552
barley,1.479615787702029
barley,1.761595690174252
barley,1.5827595870172295
barley,1.451208072355962
barley,1.6112811241540863
barley,1.546376962428451
barley,1.814277570376909
barley,1.5209390905801974
barley,1.4748680436471695
barley,1.390522152232374
barley,1.7626888704910448
barley,1.79001044912621
barley,1.589726798906293
barley,1.7445507355741556
barley,2.043597451878917
barley,1.5307335275444751
barley,1.5130879597769047
barley,1.6910604847180777
barley,1.7643884528082456
barley,1.8973908609905024
barley,1.443745579790379
barley,1.7697710855561828
barley,1.575727080613015
barley,1.6821756085396629
barley,1.8122700225007704
barley,1.7768629916481722
barley,1.3809983878266046
barley,1.846812979982636
barley,1.767646619209008
barley,1.5539178907504576
barley,1.7987520240197954
barley,1.5828981169531682
barley,1.6414601730446114
barley,1.8636972853071028
barley,1.921936503438214
barley,1.6412199736081294
barley,1.6190799110575502
barley,1.455954929944711
barley,1.723500156108612
barley,1.4792724254419911
barley,1.7559920780372045
barley,2.13112363146579
barley,1.7142849507851077
barley,1.799111066496829
barley,1.243725745574552
barley,1.6521107887126667
barley,1.4378043081171012
barley,1.4398135739256426
barley,1.7647737384043192
barley,1.6649203536596575
barley,1.3624799184824723
barley,1.5468232854397386
barley,1.865522964197415
barley,1.5900002663927484
barley,1.49167742191841
barley,1.2892868002496551
barley,1.5962369485367147
barley,1.8295165785754584
barley,1.4956829891548633
barley,1.8113474011417623
barley,1.5015112589058666
barley,1.9213566190978175
barley,1.7544484161313147
barley,1.4814661207354205
barley,1.835649296081143
barley,1.7868728424540228
barley,1.4507409868137495
barley,1.7535782690493074
barley,1.3173563737440377
barley,1.695367131859196
barley,1.5036496674294602
barley,1.5584562917915534
barley,1.47231076719644
barley,1.7845210717953404
barley,1.4700957929309484
barley,1.6459710919511696
barley,1.3811145977053223
barley,1.404614796076999
barley,1.3078835644246625
barley,1.272527732000387
barley,1.6148548247175818
barley,1.405359822401309
barley,1.6450888523482194
barley,1.5457231098946351
black_gram,0.8789728838951358
black_gram,0.7127560067969837
black_gram,0.6139383661266271
black_gram,0.6018059958955606
black_gram,0.8079838270772122
black_gram,0.7326881994035798
black_gram,0.4268269183429535
black_gram,0.747447925334441
black_gram,0.5474918048256416
black_gram,0.4804708769762661
black_gram,0.403886538963385
black_gram,0.6555344749347057
black_gram,0.7494894409006942
black_gram,0.6415479835683094
black_gram,0.597978431352472
black_gram,0.4156852535001817
black_gram,0.6543259700380811
black_gram,0.770128503127632
black_gram,0.6941270720465835
black_gram,0.6518185311458221
black_gram,0.5479373847859905
black_gram,0.4155125997013893
black_gram,0.6353975631609848
black_gram,0.4376285414123555
black_gram,0.7239816111872496
black_gram,0.6927851519255406
black_gram,0.6114559485025632
black_gram,0.7153098780087204
black_gram,0.6396010419319568
black_gram,0.7932198499026282
black_gram,0.6533101938330435
black_gram,0.5132607457926661
black_gram,0.5615578830866564
black_gram,0.6031328289098179
black_gram,0.5141791252882612
black_gram,0.8134329228208269
black_gram,0.6111433637801255
black_gram,0.6766496526780335
black_gram,0.4055720290345752
black_gram,0.4559895867393357
black_gram,0.6088874690765165
black_gram,0.6538189876788301
black_gram,0.5956071947444636
black_gram,0.4180262466457463
black_gram,0.5955321325783489
black_gram,0.4452985796438005
black_gram,0.5678267434941267
black_gram,0.4253064153259974
black_gram,0.6836649809289698
black_gram,0.8943727608836727
black_gram,0.8599239331382819
black_gram,0.5877347869567949
black_gram,0.7044924051616811
black_gram,1.012906601686142
black_gram,0.6157056785389516
black_gram,0.7062340898694596
black_gram,0.6269578640980414
black_gram,0.7773963158620877
black_gram,0.733239100551458
black_gram,0.5696296046706819
black_gram,0.6899040308319628
black_gram,0.5374116107022556
black_gram,0.6381699610685282
black_gram,0.7302221787106363
black_gram,0.6234608351339693
black_gram,0.6358825927581896
black_gram,0.7362644602468085
black_gram,1.2785034892068563
black_gram,0.7516897389127308
black_gram,0.7537470953657303
black_gram,0.7373806178869102
black_gram,0.6117534945306041
black_gram,0.6260514582097991
black_gram,0.7243249594980034
black_gram,0.7992834501999683
black_gram,0.5834190902640533
black_gram,0.8377295331635028
black_gram,0.6296746288989855
black_gram,0.3954904062078949
black_gram,0.6172633662573125
black_gram,0.7745627052748035
black_gram,0.7557635694731798
black_gram,0.7226297876318256
black_gram,0.4641606963740762
black_gram,0.7023615475966714
black_gram,0.6735064372057155
black_gram,0.5202027264216328
black_gram,0.4704077432298273
black_gram,0.7494455980145148
black_gram,0.6856262197856625
black_gram,0.4192658946893512
black_gram,0.4147974465556245
black_gram,0.6793298325890188
black_gram,0.4597366590146685
black_gram,0.7128693781301862
black_gram,0.3971056979278848
black_gram,0.5095459373792733
black_gram,0.7194628109712878
black_gram,0.7477504388794243
black_gram,0.6210869249160664
clover,2.5764447183152233
clover,2.3348277321728386
clover,2.625356918555675
clover,2.473992981790799
clover,2.8893399917850155
clover,2.6060718753263283
clover,2.7636646964218823
clover,2.637710782104102
clover,2.60191666407426
clover,2.7341175691020396
clover,2.706153259310845
clover,2.3839099953558858
clover,2.4366788559073833
clover,2.97745647725207
clover,2.273584913426433
clover,2.1885368874112627
clover,2.382220957708196
clover,2.0765330537979185
clover,2.4793083645724954
clover,2.498589109544545
clover,2.4690872654554683
clover,2.559029591404975
clover,3.1681127082874174
clover,3.223707926703683
clover,2.675205673221917
clover,2.586671934626796
clover,2.564163898515122
clover,2.68982288510082
clover,2.6284015219663197
clover,2.290144688776013
clover,2.6152175801918043
clover,2.287632925717792
clover,2.947512880606506
clover,3.016897994487217
clover,2.134105305445809
clover,2.8399347005636546
clover,2.3274998667771074
clover,3.0079038891804304
clover,2.762882970673722
clover,2.35986211853087
clover,2.536212521731072
clover,2.657705001327427
clover,2.8191851060047406
clover,2.592178398318952
clover,2.6466937760774996
clover,2.8595717614887395
clover,2.4897952434561184
clover,2.85859036961078
clover,2.592107635591717
clover,3.064650202165205
clover,2.630685905965066
clover,2.2736357532843705
clover,2.8196383965683984
clover,2.718816030409826
clover,2.693724715407235
clover,2.9104424737663455
clover,2.470589370281982
clover,2.9787117741095015
clover,2.9992897716548788
clover,3.0924671340507675
clover,2.787186127334805
clover,2.466924735189445
clover,2.7574342961889227
clover,2.7382129888906257
clover,2.8549314211672505
clover,2.7589860418258154
clover,2.3781042608041205
clover,2.6474675351954633
clover,2.4665363972011427
clover,2.0192048198433263
clover,2.3646985994832224
clover,2.557910398832356
clover,2.7200237224958683
clover,2.9964294596193666
clover,2.5989055540430916
clover,2.631283487458045
clover,2.783572164326561
clover,2.3639353878578384
clover,2.3037696730928534
clover,2.7427624903378676
clover,2.471741809745516
clover,2.566332062868704
clover,2.967829238102462
clover,2.411454633561217
clover,2.5279532903460766
clover,3.284531203944241
clover,2.8025439530679352
clover,3.0818422414119007
clover,2.8358546780085394
clover,2.542321733773985
clover,2.5825742477394895
clover,2.4389740778322366
clover,2.210394337992689
clover,2.439205052488316
clover,2.3560563310784732
clover,2.96514526862604
clover,3.017145310848832
clover,2.698427720660055
clover,2.7125382760568675
clover,2.443012598953504
cowpea,0.6518747388223424
cowpea,0.6048789393401525
cowpea,0.8170210497674776
cowpea,0.617611930900939
cowpea,1.2169025049434932
cowpea,0.6661114230527713
cowpea,0.8614227201898338
cowpea,0.5819599753068476
cowpea,1.29942366814259
cowpea,1.2538812785246312
cowpea,0.6353656593753189
cowpea,1.2986710780943134
cowpea,0.5804537623203004
cowpea,1.036501453532789
cowpea,0.9527482721966776
cowpea,1.2787646145747904
cowpea,0.8161015424046212
cowpea,1.1433280155836676
cowpea,0.5255806826297941
cowpea,0.912598789130428
cowpea,0.5955807567821606
cowpea,0.7175052649373601
cowpea,0.8588923903602927
cowpea,0.6248386248630381
cowpea,0.762301681083745
cowpea,0.7067269093254354
cowpea,1.522547187255523
cowpea,0.8985714191738741
cowpea,0.9295341428903682
cowpea,0.5452062185480643
cowpea,0.8725485238999985
cowpea,0.782143322960872
cowpea,0.9276027025731396
cowpea,0.9408212471535234
cowpea,0.8858389615491014
cowpea,0.9045827011126094
cowpea,0.6380831462069239
cowpea,0.4527513823593345
cowpea,1.2638787326335232
cowpea,0.7681084846731501
cowpea,0.9409623482326904
cowpea,0.7778156172627625
cowpea,0.8692345003574433
cowpea,0.6035599281822215
cowpea,1.172173927136992
cowpea,0.5525823000579431
cowpea,0.632885416675224
cowpea,0.6606223878299918
cowpea,0.5836629958127885
cowpea,0.9335782204090368
cowpea,0.7711844686155006
cowpea,0.9232743590888688
cowpea,0.8633601396663261
cowpea,0.8518754222847424
cowpea,1.0463905851766104
cowpea,0.5241724522596245
cowpea,0.8805722207120962
cowpea,0.8704768989305653
cowpea,1.04699665316643
cowpea,1.1039912480202512
cowpea,0.9348634050954534
cowpea,0.5782250893597793
cowpea,0.7059685027454716
cowpea,1.008751254577424
cowpea,0.7881132988869327
cowpea,0.6039398095121881
cowpea,0.6994095958046784
cowpea,0.9321890655652306
cowpea,0.7397716423724134
cowpea,0.6320769826742632
cowpea,1.3010543046929677
cowpea,0.9354448841745184
cowpea,0.9159487218802496
cowpea,0.6013097918919729
cowpea,0.6420785837868196
cowpea,0.5761162287718219
cowpea,0.8725554609179001
cowpea,0.6684842007014941
cowpea,0.9045734028777817
cowpea,0.6548576996173002
cowpea,0.8365553674273822
cowpea,0.4912862830179808
cowpea,0.617934252289465
cowpea,0.9781880388045624
cowpea,0.720129815082218
cowpea,0.6888077500112607
cowpea,0.5976414181573146
cowpea,0.6785416914097486
cowpea,1.0367318144236235
cowpea,0.9695708305745588
cowpea,0.778332857815525
cowpea,0.7687103349969711
cowpea,0.5264475181690923
cowpea,0.8417984403605471
cowpea,0.9143119716124488
cowpea,1.071647817760036
cowpea,0.814495802930071
cowpea,0.6024358396408185
cowpea,0.5295473795921058
cowpea,0.576501151469822
green_gram,0.7966086245871963
green_gram,0.8760322974391579
green_gram,0.7529829082154055
green_gram,0.7612007301251963
green_gram,0.9354398106464692
green_gram,0.7120215378294987
green_gram,0.7153744710764721
green_gram,0.8731639258333783
green_gram,0.7352108429746002
green_gram,0.6121787256321571
green_gram,0.8979707145127005
green_gram,0.8503588298948904
green_gram,0.8502162390518443
green_gram,0.970684220144418
green_gram,0.6983574742652577
green_gram,0.7378987315525777
green_gram,0.8366063726606378
green_gram,0.8056982822655248
green_gram,0.729528007804545
green_gram,0.7755375219493394
green_gram,0.8040329179801098
green_gram,0.7563161591536025
green_gram,0.7343770553578237
green_gram,0.7744709399051101
green_gram,0.7615623402093754
green_gram,0.6782018844108038
green_gram,0.877907990752479
green_gram,0.7909735624531796
green_gram,0.781485671632455
green_gram,0.9627620918121932
green_gram,0.7482601841139505
green_gram,0.611911308677233
green_gram,0.660227589477975
green_gram,0.8634143664166979
green_gram,0.8757788376456855
green_gram,0.6853981590749815
green_gram,0.8921132635364555
green_gram,0.6042854421826451
green_gram,0.7965149497374635
green_gram,0.8727202339484258
green_gram,0.8010299078059946
green_gram,0.7702935539741277
green_gram,0.7953412488265292
green_gram,0.7334124023789519
green_gram,0.8167538262965458
green_gram,0.8767268788786778
green_gram,1.0020319788996723
green_gram,0.8503936420361937
green_gram,0.9797849909647351
green_gram,0.8349531851001958
green_gram,0.9686166583731848
green_gram,0.8612241182407788
green_gram,0.8826522852433162
green_gram,0.6914444730241186
green_gram,1.0352016287638208
green_gram,0.9007666888671736
green_gram,0.761005840111272
green_gram,0.8757841703857895
green_gram,0.7772739321783048
green_gram,0.7454371323401907
green_gram,0.9209276343719652
green_gram,0.8269820199316392
green_gram,0.8136335657594098
green_gram,0.825823280916558
green_gram,0.7967249524918459
green_gram,0.8055903716250677
green_gram,0.5664237500533877
green_gram,0.9138473604382986
green_gram,0.7853113885022016
green_gram,0.6224132278937297
green_gram,0.7522842406778597
green_gram,0.7321017912364859
green_gram,0.7702671470386292
green_gram,0.828209814344162
green_gram,0.6618963101419413
green_gram,0.7608363358163246
green_gram,0.7907344024312503
green_gram,0.7657768627991207
green_gram,0.7528279592615035
green_gram,0.7848446666042963
green_gram,0.813288935010579
green_gram,0.8719635015518812
green_gram,0.6900904991485677
green_gram,0.7264365650423545
green_gram,0.7387074915139289
green_gram,0.811551323121153
green_gram,0.860521526262892
green_gram,0.8483057630130272
green_gram,0.7547494315107877
green_gram,0.8773377468144615
green_gram,0.6487413356534683
green_gram,0.6218158867504894
green_gram,0.6516010739248874
green_gram,0.9134930011363877
green_gram,0.954891948566744
green_gram,0.6853311437078673
green_gram,0.7136181405460839
green_gram,0.6796022001906964
green_gram,0.7168705072705592
green_gram,0.8143969467541716
green_manure,4.228113266604484
green_manure,6.818196725059739
green_manure,4.737189241740068
green_manure,4.338674353207005
green_manure,4.231932786776146
green_manure,4.371398586511631
green_manure,4.5680722534201115
green_manure,4.191844672428726
green_manure,6.432323291212837
green_manure,4.4656740991032216
green_manure,4.128258376057496
green_manure,6.548391234091112
green_manure,3.9734671485488153
green_manure,6.263233357787673
green_manure,4.491646559959355
green_manure,7.936957528582482
green_manure,7.143310616439727
green_manure,4.080033418205249
green_manure,4.402279031958912
green_manure,3.9552065423037903
green_manure,4.102354881036933
green_manure,3.724501690642159
green_manure,4.678476255064462
green_manure,5.450623154803602
green_manure,5.759324252195792
green_manure,4.158948828173019
green_manure,5.737858617775619
green_manure,6.255081971672931
green_manure,6.513021923806503
green_manure,6.0242592176121885
green_manure,4.402245650372372
green_manure,4.489374241536719
green_manure,7.66191703592621
green_manure,3.70332912265277
green_manure,4.319422832136036
green_manure,3.8262108106983375
green_manure,4.112406012912066
green_manure,3.2683591647569616
green_manure,4.132059795451556
green_manure,3.860473395951864
green_manure,6.357140017618682
green_manure,3.770983426455587
green_manure,7.589803493010188
green_manure,3.6173028265140337
green_manure,3.471639467138407
green_manure,3.755547216155085
green_manure,4.260021393842348
green_manure,4.26989436034944
green_manure,3.86475899997337
green_manure,4.21216697324721
green_manure,4.535842244127665
green_manure,4.236564447714977
green_manure,4.641694518159212
green_manure,6.580951206285052
green_manure,3.5008615405874974
green_manure,4.1917452809761295
green_manure,3.668297076307501
green_manure,4.044983652622697
green_manure,3.981448540958636
green_manure,4.091841897332744
green_manure,4.520572521837717
green_manure,3.709346807050258
green_manure,3.9953475428825063
green_manure,4.256790558071879
green_manure,4.819110102378451
green_manure,3.714397797639029
green_manure,4.423730028974021
green_manure,3.8183051267320063
green_manure,5.907990007951502
green_manure,4.760844873266258
green_manure,3.8614923931105007
green_manure,3.9110899441186326
green_manure,5.175913274824206
green_manure,4.310098960335328
green_manure,4.430091478291525
green_manure,6.161652743899303
green_manure,4.052362434465813
green_manure,3.4521789190333116
green_manure,4.2808086162249985
green_manure,4.971792413754388
green_manure,4.248462999681253
green_manure,4.371662651890552
green_manure,3.6286626131034514
green_manure,3.9215737692939943
green_manure,3.844091098777055
green_manure,3.845827659419192
green_manure,4.00120467138506
green_manure,4.170966275459002
green_manure,5.537558776481814
green_manure,4.21145984212984
green_manure,4.94481777116036
green_manure,3.796162312918245
green_manure,3.863878344401331
green_manure,6.4932812531971225
green_manure,3.5681589122472746
green_manure,4.35603374238657
green_manure,4.087424568820845
green_manure,3.7678580879732126
green_manure,2.9702100879238764
green_manure,4.67424452098091
green_gram,1.1300093932610291
green_gram,0.9997731263954368
green_gram,0.971624607269612
green_gram,1.1010951345908664
green_gram,0.762232271696485
green_gram,1.3556827351905685
green_gram,0.9835038598119512
green_gram,1.466112416154431
green_gram,0.8928152212120138
green_gram,0.7235128984309144
green_gram,0.9695342483757698
green_gram,1.1879119789268402
green_gram,1.135636976993871
green_gram,0.8756620689211037
green_gram,1.0372181923100037
green_gram,0.8066104678496184
green_gram,1.2648838141555592
green_gram,0.7678390795125332
green_gram,1.0676921868542777
green_gram,1.1121568593343938
green_gram,1.4832262268644798
green_gram,1.3397131624759275
green_gram,0.8140543900121248
green_gram,0.730389198418878
green_gram,1.0245008832396232
green_gram,0.9035938918355968
green_gram,0.8350446552594256
green_gram,0.6974623031585807
green_gram,0.7591685187396641
green_gram,0.7106180473468301
green_gram,0.9303794658595268
green_gram,1.4533844608556208
green_gram,1.1203610359358205
green_gram,1.1391342329951577
green_gram,1.0929451003512272
green_gram,1.0918558073122488
green_gram,0.962834980285661
green_gram,1.1742367602989865
green_gram,0.9642142882444984
green_gram,0.9914366614456696
green_gram,0.9419836056317196
green_gram,1.0894988368232683
green_gram,0.8250550673967858
green_gram,0.7479690467840924
green_gram,0.9435521092942668
green_gram,0.988010256448968
green_gram,0.8478277974221355
green_gram,1.0671910018416453
green_gram,1.3113511814370251
green_gram,0.8137305955469134
green_gram,1.0531104728576652
green_gram,1.0085304243332849
green_gram,0.9551185072810906
green_gram,0.958797611090501
green_gram,0.861072258984071
green_gram,0.9065059517706704
green_gram,1.072803650017805
green_gram,1.1331271095200488
green_gram,1.059396031906581
green_gram,0.8832103419782102
green_gram,0.767529683403673
green_gram,1.1358861172323884
green_gram,1.117912892832721
green_gram,1.2033200872042378
green_gram,1.1333552332673678
green_gram,1.2220823803609009
green_gram,1.0231583217611528
green_gram,0.8860831187786044
green_gram,1.0071806910498675
green_gram,1.2490607766108348
green_gram,1.4437223490292788
green_gram,0.8436006109365414
green_gram,1.2305276147719444
green_gram,1.1040548232941862
green_gram,1.380368646016538
green_gram,0.972984732944728
green_gram,1.1999151917511592
green_gram,0.9241443765967632
green_gram,0.8046358659404844
green_gram,1.4050038635051163
green_gram,1.3824541650859414
green_gram,0.9076141732572872
green_gram,1.2469427758720062
green_gram,0.9409643324483988
green_gram,1.2166585510214818
green_gram,1.1959351115679413
green_gram,0.9762663751420972
green_gram,1.0413273756985504
green_gram,0.9793985254331322
green_gram,1.1510293037016102
green_gram,1.1273923878435352
green_gram,1.212020568210141
green_gram,0.9446528284572168
green_gram,0.8970938792101224
green_gram,1.017845098884378
green_gram,1.0942563534811374
green_gram,1.2915131728376446
green_gram,1.1548983007135143
green_gram,0.969091608545803
green_gram,0.8607084024721051
groundnut,1.1936603318607144
groundnut,1.5929188834006047
groundnut,0.9254731448745824
groundnut,1.0237221053676535
groundnut,0.9116597998723454
groundnut,1.6696837961827484
groundnut,1.3569829564890887
groundnut,1.538945429403907
groundnut,1.444568311704341
groundnut,1.5305242980919411
groundnut,1.5572504451477176
groundnut,1.5523862151912668
groundnut,1.7372782591562044
groundnut,1.5396729096197168
groundnut,1.5298436162688176
groundnut,1.53616014290667
groundnut,1.5807030758757814
groundnut,1.5246761701197966
groundnut,0.950404038770198
groundnut,1.380431578090893
groundnut,1.0793608109633386
groundnut,1.1321103595265605
groundnut,1.2678187049482892
groundnut,1.8285979084550703
groundnut,1.5889566498990977
groundnut,1.1744934312351845
groundnut,1.3494021643541134
groundnut,1.7128498453609675
groundnut,1.86083624894445
groundnut,1.6168893541993
groundnut,1.3195231282684248
groundnut,1.5521831429252697
groundnut,1.922976709890303
groundnut,1.0381525925732646
groundnut,1.4795262617916831
groundnut,0.983369898924047
groundnut,1.135765985171807
groundnut,0.9823089282550204
groundnut,1.2873984353883
groundnut,1.3142695109117954
groundnut,1.725541546884316
groundnut,1.4183066468574672
groundnut,1.683066146746302
groundnut,1.6282540216751176
groundnut,1.0342989275990029
groundnut,0.9132682486381302
groundnut,0.9878490386392882
groundnut,0.9515955051777448
groundnut,1.4633295974702447
groundnut,1.3651733683408158
groundnut,1.5121672465292026
groundnut,0.8467942749677385
groundnut,1.133021919816286
groundnut,1.8500472228686513
groundnut,1.033546938314646
groundnut,1.640907790787229
groundnut,1.2110046704381128
groundnut,1.1378157361366772
groundnut,1.0794625159915976
groundnut,1.6146540204887911
groundnut,1.782966842629126
groundnut,1.311129600076407
groundnut,1.3279059150883767
groundnut,1.273494092635678
groundnut,1.5534247257515732
groundnut,1.133387377627488
groundnut,1.0856250267512118
groundnut,1.335232574630637
groundnut,1.938829798760636
groundnut,1.3162942913872888
groundnut,1.325459183407231
groundnut,1.5591059885791532
groundnut,1.6854001139547343
groundnut,1.3794463447057133
groundnut,1.7604717556046936
groundnut,1.6457171059061224
groundnut,1.4401087593799298
groundnut,1.008498566075988
groundnut,0.9840171688125736
groundnut,1.0256974132313323
groundnut,1.136368347363923
groundnut,1.1981347110563227
groundnut,1.3143728681568487
groundnut,1.341740505446205
groundnut,1.5471676250509645
groundnut,1.6154635813804616
groundnut,1.4656416819894649
groundnut,0.9960408941485572
groundnut,1.6159657694920166
groundnut,1.2000834435643348
groundnut,1.4250312045716398
groundnut,1.1124935858279557
groundnut,1.354099165196227
groundnut,1.9913864854014824
groundnut,1.4928105683301214
groundnut,1.078246358206994
groundnut,0.891392912342308
groundnut,1.3359759134180562
groundnut,1.3184546169200708
groundnut,0.9898138146012462
kidney_bean,0.7071231037660772
kidney_bean,0.6832980684265973
kidney_bean,0.7522158267849784
kidney_bean,0.7127329095876167
kidney_bean,0.6361089390627753
kidney_bean,0.6422329980969221
kidney_bean,0.7054329231425438
kidney_bean,0.7480064806779951
kidney_bean,0.7575356210189071
kidney_bean,1.0330597434571804
kidney_bean,0.7452810955893675
kidney_bean,1.1482741887412544
kidney_bean,0.7802311054589939
kidney_bean,0.7774927473472832
kidney_bean,0.8773287231266143
kidney_bean,1.0842835386770633
kidney_bean,0.9629982612729456
kidney_bean,1.6398488227014485
kidney_bean,0.7815064713224176
kidney_bean,0.8368696640735027
kidney_bean,0.8631244368591059
kidney_bean,1.194183794998309
kidney_bean,0.6579298297050493
kidney_bean,0.6794711438523675
kidney_bean,0.7846556750418023
kidney_bean,0.7446233543380175
kidney_bean,1.875013497673956
kidney_bean,0.7881488007575697
kidney_bean,0.7536933959847985
kidney_bean,1.2028831904691435
kidney_bean,2.212865899291902
kidney_bean,0.9475513629562436
kidney_bean,1.2322951145020988
kidney_bean,1.0887592449332386
kidney_bean,0.7315959744862351
kidney_bean,0.721509779251936
kidney_bean,1.1766727523624578
kidney_bean,0.9472951092308716
kidney_bean,0.848282251710648
kidney_bean,0.7655552493965148
kidney_bean,0.9031753616367696
kidney_bean,1.162323224622039
kidney_bean,1.2320655799577778
kidney_bean,0.8656755595326516
kidney_bean,1.5423540889902727
kidney_bean,1.0352023574537588
kidney_bean,0.7981068962231525
kidney_bean,1.878857729576712
kidney_bean,1.1300738674937272
kidney_bean,0.9511572520623944
kidney_bean,0.6997000124907394
kidney_bean,1.3233462800901676
kidney_bean,0.7623304372137364
kidney_bean,0.7249145564733723
kidney_bean,1.087737641379332
kidney_bean,0.8858739662369018
kidney_bean,0.5453761360303565
kidney_bean,0.7530411418854396
kidney_bean,0.6345607053994022
kidney_bean,1.1986110668872667
kidney_bean,1.1609517670958225
kidney_bean,1.2821465333210562
kidney_bean,1.7278112125260918
kidney_bean,0.7234212812148938
kidney_bean,1.1290730685423398
kidney_bean,1.795198495877537
kidney_bean,0.8511399341223258
kidney_bean,0.9337746881530266
kidney_bean,0.7914906195523689
kidney_bean,1.1534435367985567
kidney_bean,1.987859880815931
kidney_bean,0.7872033363288997
kidney_bean,1.0111916205278924
kidney_bean,0.7042733879978544
kidney_bean,1.5478092217251518
kidney_bean,1.8253404921215897
kidney_bean,0.7939563567021266
kidney_bean,0.9842024171225237
kidney_bean,1.4267567607259766
kidney_bean,0.7591607756026852
kidney_bean,0.7412109967757317
kidney_bean,1.2492353523623383
kidney_bean,1.0905048130183852
kidney_bean,0.7782879932249398
kidney_bean,1.2329918738870114
kidney_bean,0.7458747088919084
kidney_bean,0.9535908816248488
kidney_bean,0.8560707329585918
kidney_bean,0.840593303766912
kidney_bean,0.901603221367706
kidney_bean,0.8941767073441426
kidney_bean,0.8679255761740033
kidney_bean,0.7476608744769649
kidney_bean,0.7039096463147315
kidney_bean,0.9918069493977056
kidney_bean,1.051076962241688
kidney_bean,0.7882901124547087
kidney_bean,0.8554895462222223
kidney_bean,0.6703491534615966
kidney_bean,1.2285095785612
linseed,0.3739277847666615
linseed,0.4549910583563405
linseed,0.4924679603774814
linseed,0.4549258672554341
linseed,0.4824980673800736
linseed,0.3651141701299681
linseed,0.4447462968334639
linseed,0.5373134893728696
linseed,0.3622551595782913
linseed,0.503056983877653
linseed,0.4757187076228463
linseed,0.4326988376742428
linseed,0.3643491917294126
linseed,0.4171688317177113
linseed,0.405709256992992
linseed,0.4337726401621488
linseed,0.4480584100455017
linseed,0.4473406254814678
linseed,0.4772827628833769
linseed,0.5059301612477323
linseed,0.4344270330733527
linseed,0.462022890683042
linseed,0.4955483145761686
linseed,0.4163198768678309
linseed,0.4524454965520899
linseed,0.4236530359058261
linseed,0.4421044011838466
linseed,0.4911605393675209
linseed,0.3481033080664407
linseed,0.3920115805027604
linseed,0.4541171104122332
linseed,0.4068576621565738
linseed,0.4733709158853125
linseed,0.441925313107777
linseed,0.4622190286329423
linseed,0.5268292901795061
linseed,0.4678735638446045
linseed,0.4260657194945593
linseed,0.3561065033719751
linseed,0.5317567982792811
linseed,0.4984812997816462
linseed,0.4282530509243302
linseed,0.4552271679702843
linseed,0.4386038505664628
linseed,0.4352894505899216
linseed,0.4795605928656277
linseed,0.412122523745058
linseed,0.4369002477517767
linseed,0.5062336809304743
linseed,0.4452090887756858
linseed,0.3793782497956133
linseed,0.5152814799512471
linseed,0.4870706726974301
linseed,0.4101190276853394
linseed,0.4844004396345465
linseed,0.4499500696100124
linseed,0.4939181795957436
linseed,0.4037910093497316
linseed,0.4551319601184522
linseed,0.4592938656919504
linseed,0.4743360213259593
linseed,0.3902559200349458
linseed,0.4032173041771357
linseed,0.4046835055833528
linseed,0.4836130639279884
linseed,0.4632698371876423
linseed,0.4791064573457716
linseed,0.4786684920581848
linseed,0.3943840194767138
linseed,0.5049613608008142
linseed,0.485041096579901
linseed,0.469666976334012
linseed,0.4618744197660042
linseed,0.4511351523064709
linseed,0.4821327524352365
linseed,0.4771987885666503
linseed,0.51897687326025
linseed,0.4277668433516908
linseed,0.452736414384096
linseed,0.4284965417379457
linseed,0.4530909700128586
linseed,0.5109399432151925
linseed,0.5193653254235125
linseed,0.5153197561249241
linseed,0.4378251474356287
linseed,0.494015528793197
linseed,0.4757091590195071
linseed,0.5103704352306002
linseed,0.4753810430061488
linseed,0.3960503956529448
linseed,0.4540288867185819
linseed,0.3711658503182564
linseed,0.3935413434349475
linseed,0.4168579794394682
linseed,0.5337222154662685
linseed,0.5086913032068436
linseed,0.4552672473759293
linseed,0.4165176645295246
linseed,0.4894666677579219
linseed,0.4791142826000545
pearl_millet,1.0716571590824877
pearl_millet,0.975752793609615
pearl_millet,0.9633915299374692
pearl_millet,1.102830711994565
pearl_millet,1.1177091434721254
pearl_millet,0.9075707313344172
pearl_millet,0.8968115812719575
pearl_millet,0.9815078201893138
pearl_millet,1.2116613512507215
pearl_millet,1.139104069597516
pearl_millet,1.1151318394192065
pearl_millet,1.1730494722238023
pearl_millet,1.1628536370509293
pearl_millet,1.1144185572148666
pearl_millet,1.014668293223005
pearl_millet,1.120215577801727
pearl_millet,1.0883808168280578
pearl_millet,1.2323154115804562
pearl_millet,1.0421117904948616
pearl_millet,1.058323810213729
pearl_millet,0.9770625699040588
pearl_millet,0.963302163530216
pearl_millet,0.8631321913505221
pearl_millet,1.1653129760351324
pearl_millet,1.043420392973955
pearl_millet,0.9436999797569594
pearl_millet,1.036614290304971
pearl_millet,1.000567367210725
pearl_millet,0.9866768901741204
pearl_millet,1.058750537267372
pearl_millet,1.1751388019247029
pearl_millet,0.9767628777780032
pearl_millet,1.211662529320236
pearl_millet,0.9831687063625753
pearl_millet,0.8634793081181981
pearl_millet,1.0402801496661729
pearl_millet,1.1699079546088094
pearl_millet,1.1482343591056223
pearl_millet,1.0507428994565085
pearl_millet,0.9944908947554898
pearl_millet,1.0702848583855509
pearl_millet,1.0524417673801072
pearl_millet,1.028414919170539
pearl_millet,0.8657906464421311
pearl_millet,1.0873611263537628
pearl_millet,0.8325047210145916
pearl_millet,0.8796449781732082
pearl_millet,1.0529673181176191
pearl_millet,1.028601126011602
pearl_millet,1.280960132836886
pearl_millet,1.0483727415475623
pearl_millet,1.2870796109885667
pearl_millet,0.9401484734260812
pearl_millet,1.1842266516886475
pearl_millet,1.0486698012115112
pearl_millet,1.0652461759866507
pearl_millet,0.9726457680186134
pearl_millet,1.1624577439746795
pearl_millet,1.0372758496604872
pearl_millet,1.3765997118914888
pearl_millet,1.3109155720961316
pearl_millet,1.0064494041757714
pearl_millet,1.0379459090821956
pearl_millet,0.9156598407303368
pearl_millet,1.37664208455157
pearl_millet,1.0399634958337265
pearl_millet,1.1004159543496193
pearl_millet,1.0685097691194456
pearl_millet,1.129107538538231
pearl_millet,0.9820659053812956
pearl_millet,1.0413625746845416
pearl_millet,1.2294107809823085
pearl_millet,1.1590477707334308
pearl_millet,1.0783930608597505
pearl_millet,1.0385733311705097
pearl_millet,0.9765123355469824
pearl_millet,1.0403288677032914
pearl_millet,1.0093573530044382
pearl_millet,0.8374816131755627
pearl_millet,1.192580151564646
pearl_millet,1.1536577860595558
pearl_millet,0.9978996032255156
pearl_millet,0.9423376027377296
pearl_millet,0.9573712221636664
pearl_millet,1.2328754087336826
pearl_millet,0.9661780117383236
pearl_millet,1.3857242908679073
pearl_millet,0.9165467704909592
pearl_millet,0.987963758103602
pearl_millet,0.9992978063993818
pearl_millet,0.915467649538336
pearl_millet,0.9844810813656693
pearl_millet,1.0213795075999013
pearl_millet,0.951170156615632
pearl_millet,0.9964773906347616
pearl_millet,1.110842542544432
pearl_millet,0.8941612514707405
pearl_millet,0.9743740746040294
pearl_millet,1.1982784937714928
pearl_millet,1.1258601473873624
moth_bean,0.5429590551664365
moth_bean,0.3452230912623914
moth_bean,0.3706101051752124
moth_bean,0.3628656679505616
moth_bean,0.3284498632258445
moth_bean,0.3866076770735959
moth_bean,0.377819077246921
moth_bean,0.4077880383926908
moth_bean,0.4552494975418519
moth_bean,0.5550676771545358
moth_bean,0.4100471278835407
moth_bean,0.5561803811169228
moth_bean,0.3399525555295289
moth_bean,0.4547202704797325
moth_bean,0.4764787992657991
moth_bean,0.4514942171315058
moth_bean,0.4596872090457187
moth_bean,0.9879399920228676
moth_bean,0.4201277944055766
moth_bean,0.3763923058879599
moth_bean,0.4232598065531514
moth_bean,0.6182293355887485
moth_bean,0.3597090704206695
moth_bean,0.3919525222695916
moth_bean,0.4444213679509799
moth_bean,0.3957714507932892
moth_bean,0.9668076673528028
moth_bean,0.4323448333982618
moth_bean,0.4457956134921753
moth_bean,0.5939678083098524
moth_bean,1.0175819984405852
moth_bean,0.6352741358538967
moth_bean,0.7068168539944835
moth_bean,0.7062308052873032
moth_bean,0.3471059566088775
moth_bean,0.3838035499927716
moth_bean,0.5920410506144757
moth_bean,0.4581732725475174
moth_bean,0.4224156485914706
moth_bean,0.3298954806091461
moth_bean,0.5972814191776177
moth_bean,0.5161305879700274
moth_bean,0.6423485100840668
moth_bean,0.3980430034982208
moth_bean,0.8313555497999466
moth_bean,0.6024996473372703
moth_bean,0.4258247448530678
moth_bean,1.049926443687668
moth_bean,0.6924205300572062
moth_bean,0.4771398004404549
moth_bean,0.4514006319134809
moth_bean,0.5983294127985213
moth_bean,0.3644766697737575
moth_bean,0.4427962244216329
moth_bean,0.6089327345862762
moth_bean,0.416256093440449
moth_bean,0.3593602089692849
moth_bean,0.3790615814168058
moth_bean,0.3565593221079103
moth_bean,0.6210068614946515
moth_bean,0.6866159594016925
moth_bean,0.5849865433057094
moth_bean,0.8306295554465981
moth_bean,0.4393143569889269
moth_bean,0.6523257053266523
moth_bean,0.8258170285123744
moth_bean,0.3801735485108359
moth_bean,0.483255203760868
moth_bean,0.4283841386975651
moth_bean,0.7689422956266896
moth_bean,0.9429683579942858
moth_bean,0.4853303372532567
moth_bean,0.5361827347177912
moth_bean,0.3009609699860014
moth_bean,0.7504636925943581
moth_bean,0.9664854684075084
moth_bean,0.4382895517739791
moth_bean,0.4679466195692581
moth_bean,0.7550010523850026
moth_bean,0.4476641981314598
moth_bean,0.3144957691090283
moth_bean,0.6243297041998134
moth_bean,0.5750616432291228
moth_bean,0.4328035514593936
moth_bean,0.6876352342323445
moth_bean,0.4849140845788813
moth_bean,0.5276339444595091
moth_bean,0.4331503882539547
moth_bean,0.3891774928257159
moth_bean,0.5320803638956545
moth_bean,0.4566650903737854
moth_bean,0.4105405674585922
moth_bean,0.4447201375660188
moth_bean,0.4119481143609747
moth_bean,0.6072328035127473
moth_bean,0.4609927943909233
moth_bean,0.3944037218226303
moth_bean,0.4781218797959653
moth_bean,0.3603218779320325
moth_bean,0.5243478728568831
green_gram,0.5675324035721625
green_gram,0.4503668457591454
green_gram,0.4776175411249571
green_gram,0.4727296310477865
green_gram,0.5030782857358316
green_gram,0.4588822432089682
green_gram,0.4155392480187781
green_gram,0.5579048943489807
green_gram,0.5342445872711808
green_gram,0.6622518633977499
green_gram,0.4084301615798058
green_gram,0.7936022930781609
green_gram,0.4005271545156957
green_gram,0.5807321362795075
green_gram,0.5457591114962229
green_gram,0.6012973106201266
green_gram,0.5624074541621464
green_gram,1.215447980608204
green_gram,0.5068180828881867
green_gram,0.526937172306098
green_gram,0.5332092461162934
green_gram,0.8453455147019636
green_gram,0.4564348482302618
green_gram,0.4412505525819272
green_gram,0.4758927597810737
green_gram,0.4398690702037144
green_gram,1.2834543428150529
green_gram,0.5073375014704573
green_gram,0.4304576513452214
green_gram,0.736213146889559
green_gram,1.1100968335522674
green_gram,0.8292089196934302
green_gram,0.6916900692698427
green_gram,0.6837252416719742
green_gram,0.5075931016501498
green_gram,0.5312368298710366
green_gram,0.6953179383138504
green_gram,0.5480560930316394
green_gram,0.5844049028901418
green_gram,0.3808630320789045
green_gram,0.6307594584723307
green_gram,0.671979250239784
green_gram,0.8963263692495111
green_gram,0.5127836251383342
green_gram,1.1486342967042449
green_gram,0.8063217340412775
green_gram,0.6145770637603961
green_gram,1.1963990175058796
green_gram,0.7357073671339467
green_gram,0.6685321007945714
green_gram,0.4770268560002345
green_gram,0.8857510501439888
green_gram,0.4665089153556209
green_gram,0.495313033828032
green_gram,0.8059330827015654
green_gram,0.5242230650320991
green_gram,0.4151701060569226
green_gram,0.4878246298285757
green_gram,0.5186422778555275
green_gram,0.7874130612926133
green_gram,0.7858005057702547
green_gram,0.8173482934558849
green_gram,1.0777430883556864
green_gram,0.540854239618382
green_gram,0.8359328164958326
green_gram,1.3124343764993212
green_gram,0.5277128367024531
green_gram,0.618793405036695
green_gram,0.5709200001978955
green_gram,0.9368019432168836
green_gram,1.2302759739494027
green_gram,0.5910929422053292
green_gram,0.6634110456803184
green_gram,0.4339651129085558
green_gram,0.8379681406468857
green_gram,1.3438927901817468
green_gram,0.5762089886911969
green_gram,0.5458687566643804
green_gram,0.7404081651077898
green_gram,0.4537811144571147
green_gram,0.4365329546816294
green_gram,0.7452134104828586
green_gram,0.702172475322694
green_gram,0.4973064646785513
green_gram,0.7813650684076798
green_gram,0.5348318225999872
green_gram,0.6067647741223912
green_gram,0.6091646087070749
green_gram,0.6010061714108126
green_gram,0.6911428791220874
green_gram,0.5320554275137244
green_gram,0.5427357257330027
green_gram,0.5430505883877569
green_gram,0.5024836550370063
green_gram,0.6968548625697603
green_gram,0.7655643909162598
green_gram,0.459900275575087
green_gram,0.5280888168967625
green_gram,0.4997132250824353
green_gram,0.7616468108481902
mustard,0.7219682067599232
mustard,0.7608840544056714
mustard,0.6238348389894184
mustard,0.845147007355759
mustard,0.7859482525825179
mustard,0.6416701820793881
mustard,0.7801014227175709
mustard,0.8212389596172552
mustard,0.7180357784096751
mustard,0.6297130428006282
mustard,0.7274735201671373
mustard,0.7811882837417207
mustard,0.813013119314232
mustard,0.8019510922820634
mustard,0.8006189864330572
mustard,0.6479827797983174
mustard,0.7303464224175562
mustard,0.8578563919433457
mustard,0.6773803452657006
mustard,0.5501486745773542
mustard,0.6620587192987166
mustard,0.7788861514259717
mustard,0.7325820082369457
mustard,0.5651545117762433
mustard,0.716756501061821
mustard,0.5930533952199365
mustard,0.8153510443024827
mustard,0.7483424807451408
mustard,0.6777836338771371
mustard,0.7997099680507905
mustard,0.7017450217006703
mustard,0.6311528188488449
mustard,0.6729411122584643
mustard,0.8356894887597903
mustard,0.6510804299381885
mustard,0.6534660924269015
mustard,0.6729849849988166
mustard,0.7825006807501135
mustard,0.7080944902117461
mustard,0.5899563742389822
mustard,0.7009794191850323
mustard,0.737463325116945
mustard,0.6791316066766051
mustard,0.7372170093299899
mustard,0.8595181000430727
mustard,0.6255440182640942
mustard,0.6888417151798525
mustard,0.7567467538541897
mustard,0.686069761515583
mustard,0.7677859472281015
mustard,0.8039090204550264
mustard,0.7502874777247311
mustard,0.8873353478255339
mustard,0.605163996568063
mustard,0.7734183183139366
mustard,0.6804177284839424
mustard,0.7166679847678762
mustard,0.8211654243126367
mustard,0.7984811262077058
mustard,0.7895670733317641
mustard,0.6829525690360259
mustard,0.7162486849379222
mustard,0.6045133658602413
mustard,0.6276414014675769
mustard,0.6896919655235032
mustard,0.710355485999484
mustard,0.6030806571103782
mustard,0.6420563000413075
mustard,0.6985650944407902
mustard,0.7807102641261489
mustard,0.7108505485010933
mustard,0.6950195685584997
mustard,0.7159419484381189
mustard,0.780227804291235
mustard,0.7634911425334724
mustard,0.6809077754093019
mustard,0.5713996590939402
mustard,0.9067829282307353
mustard,0.6761350374850128
mustard,0.6571686532987526
mustard,0.7314345348101912
mustard,0.8351473437898649
mustard,0.5982247476583324
mustard,0.7725377860891403
mustard,0.6539591793850176
mustard,0.6500726288662997
mustard,0.6390877187798492
mustard,0.6559075874216325
mustard,0.5441467036056212
mustard,0.7213818477557188
mustard,0.6105933961697674
mustard,0.6959389355735143
mustard,0.6060117553450732
mustard,0.6115977717567719
mustard,0.6208207363487356
mustard,0.6581022607307465
mustard,0.8724812775581668
mustard,0.6372007575146197
mustard,0.7175925672519888
mustard,0.7082800674080396
papaya,16.811710784990588
papaya,15.386028852316189
papaya,17.057506447307347
papaya,14.244867556531323
papaya,14.84217490994472
papaya,13.306905216418595
papaya,16.029709606759965
papaya,15.047202953870356
papaya,15.29555444511428
papaya,21.639720210198544
papaya,14.9799345315517
papaya,22.705640988108424
papaya,13.867705162848464
papaya,16.925180233996485
papaya,16.810928312066203
papaya,19.16889025082784
papaya,19.560873679192454
papaya,36.68476817293605
papaya,15.022961948129495
papaya,14.47353062524775
papaya,18.04849461618068
papaya,24.787349252366404
papaya,13.992117833895836
papaya,13.731057113802056
papaya,16.043028358353453
papaya,14.416804327200651
papaya,36.846933582477575
papaya,16.87979798260947
papaya,17.05323253640641
papaya,21.262706400661575
papaya,33.43356617894882
papaya,22.28364827712346
papaya,27.340574395879575
papaya,19.632176954425855
papaya,14.29729930514694
papaya,12.794017063735527
papaya,21.055892477118903
papaya,16.8124925288489
papaya,16.1463574000153
papaya,13.440075111110744
papaya,22.246027190798603
papaya,19.739466182543143
papaya,21.124521471051096
papaya,16.93355602379518
papaya,36.241837617205
papaya,23.674030525592435
papaya,13.833161561640624
papaya,38.52826931303745
papaya,23.29617381160479
papaya,16.060389636011262
papaya,16.30712308046551
papaya,24.32564573018024
papaya,17.481950056510037
papaya,17.007712499770584
papaya,21.373579777154724
papaya,20.43017745266794
papaya,12.528508811443375
papaya,15.441432014081393
papaya,15.530397681990069
papaya,21.968756508351756
papaya,24.3676002158665
papaya,23.24724870420428
papaya,36.6119414129155
papaya,15.601808161842827
papaya,25.787802502548463
papaya,32.78229942700098
papaya,16.10329202679437
papaya,20.959671233366763
papaya,16.88419370233841
papaya,27.919869856597327
papaya,36.50881083431407
papaya,16.79153189524853
papaya,18.210088592381204
papaya,13.249568542480937
papaya,27.627552001998858
papaya,43.155354125675814
papaya,15.811923255237
papaya,19.178302266473388
papaya,28.90419889920616
papaya,16.39183734486509
papaya,13.605728384949158
papaya,28.129033776133937
papaya,21.22487448475464
papaya,16.653718627908194
papaya,24.16252562018664
papaya,15.88663247823464
papaya,16.651051952503014
papaya,17.36316025297228
papaya,16.05024232175559
papaya,25.776001960175694
papaya,15.132954787876146
papaya,15.170020291131095
papaya,16.52315977963044
papaya,16.163427746272486
papaya,22.658919518681422
papaya,23.94845132715246
papaya,14.044881664864176
papaya,14.734419087658749
papaya,12.916266958357454
papaya,19.829643704905937
pea,5.418017038523642
pea,4.607217745683298
pea,4.71845581487169
pea,4.905193750036362
pea,5.684631209313564
pea,5.176976454988571
pea,5.551809933344422
pea,4.940170667010588
pea,5.781676400676773
pea,5.605552569456516
pea,5.837963681536951
pea,4.795184306193004
pea,5.021666430477943
pea,4.994013939555972
pea,5.216238959298665
pea,4.965841974122035
pea,6.091221307841277
pea,5.197052965758844
pea,5.823514465983048
pea,4.956178942392803
pea,5.711249394735916
pea,5.014538578112585
pea,6.942843296203645
pea,5.602032491392407
pea,5.050273698363774
pea,4.2160043861448
pea,6.040151766631834
pea,6.14390435090136
pea,5.37172700685382
pea,5.714842894304107
pea,5.940248364948214
pea,5.45103524868892
pea,4.853075881280401
pea,5.191091760954782
pea,4.621274760736354
pea,4.63731542363472
pea,5.508404516760004
pea,5.670339972043316
pea,5.914755898308829
pea,6.573568909493349
pea,4.5883339438420245
pea,5.397564363510123
pea,5.945855507413262
pea,6.117339273686335
pea,5.332519272877983
pea,5.250720093670899
pea,5.4837617274663355
pea,5.739453473521088
pea,4.21417421275547
pea,5.00015573238053
pea,6.059423534066018
pea,5.322309182502956
pea,4.878870859199282
pea,5.509611749799851
pea,4.9516303969409625
pea,5.980084290754697
pea,4.450959995773333
pea,5.405799332475882
pea,5.302022317116754
pea,5.261323350220585
pea,5.797215341093124
pea,4.3922651518216265
pea,5.222754923492875
pea,6.3867458996706405
pea,5.778270554857032
pea,5.590949088668483
pea,4.604103848640377
pea,5.294262302901816
pea,5.619230547902673
pea,5.329168551177787
pea,5.14420696284674
pea,4.932653476404155
pea,5.351337002504845
pea,5.272091520153879
pea,4.632604318837358
pea,5.922739458751036
pea,5.643033623771159
pea,5.234581313960255
pea,5.251740249696904
pea,5.836024412319836
pea,4.358137356662171
pea,4.89450110032582
pea,5.436949613322084
pea,5.116223981212497
pea,4.593155389630231
pea,5.2466214711007515
pea,5.2977670096137555
pea,5.232460787303934
pea,5.488241275810923
pea,5.316965900067083
pea,5.271422276667995
pea,5.923286511720824
pea,4.779109677893929
pea,4.606626315655084
pea,5.05825393810331
pea,5.746019057294782
pea,5.7455600030747025
pea,6.114188925172556
pea,5.1767493285670065
pea,5.038814968330343
pigeon_pea,0.9444555093956458
pigeon_pea,0.6703793723525181
pigeon_pea,0.8803609655361858
pigeon_pea,0.7420151726674037
pigeon_pea,0.7599273114813936
pigeon_pea,0.6218877781848284
pigeon_pea,0.7647767131978082
pigeon_pea,0.8056267770135501
pigeon_pea,0.7721909860397055
pigeon_pea,1.027276131877006
pigeon_pea,0.6692520686682006
pigeon_pea,0.991731129565889
pigeon_pea,0.6533224496328683
pigeon_pea,0.8885162253400123
pigeon_pea,0.9298501803556594
pigeon_pea,0.8853943791833212
pigeon_pea,0.8058882777452923
pigeon_pea,1.7432479759740611
pigeon_pea,0.7786241737907031
pigeon_pea,0.6726028525203017
pigeon_pea,0.7350545575236413
pigeon_pea,1.0985101300989577
pigeon_pea,0.6742109802917707
pigeon_pea,0.6347873177501359
pigeon_pea,0.7598657802773977
pigeon_pea,0.8243242552436231
pigeon_pea,1.6854863862713825
pigeon_pea,0.7702885081981766
pigeon_pea,0.8622552451655886
pigeon_pea,1.1151601897167676
pigeon_pea,1.7121416097092943
pigeon_pea,1.207390464426255
pigeon_pea,1.1717360363587406
pigeon_pea,1.2616916153796822
pigeon_pea,0.7232918753056249
pigeon_pea,0.6991165895073173
pigeon_pea,1.1516374173652388
pigeon_pea,0.888065758636642
pigeon_pea,0.9036514639795205
pigeon_pea,0.671186672327905
pigeon_pea,1.1153249875061906
pigeon_pea,1.0260521734160994
pigeon_pea,1.263557118874704
pigeon_pea,0.7315942348961707
pigeon_pea,1.848203472723574
pigeon_pea,1.1502707527647835
pigeon_pea,0.7057830753330726
pigeon_pea,2.0632823636245208
pigeon_pea,1.3025521561737743
pigeon_pea,0.9453681006750146
pigeon_pea,0.9077700429640084
pigeon_pea,1.236086391894403
pigeon_pea,0.6605635172562612
pigeon_pea,0.6282095933670566
pigeon_pea,1.257986020604032
pigeon_pea,0.8112717434707661
pigeon_pea,0.6264605580029096
pigeon_pea,0.7123123501636188
pigeon_pea,0.7560605986575538
pigeon_pea,1.0547967862885697
pigeon_pea,1.1300349417901243
pigeon_pea,1.3140683273337244
pigeon_pea,1.6020771358406023
pigeon_pea,0.8192515063512908
pigeon_pea,1.1311321191588608
pigeon_pea,1.7004275523452237
pigeon_pea,0.887769622468758
pigeon_pea,1.0206369570893616
pigeon_pea,0.8654281136350812
pigeon_pea,1.1972887698182326
pigeon_pea,2.0997092084277447
pigeon_pea,0.8536910158958431
pigeon_pea,0.973629631905774
pigeon_pea,0.711502296685311
pigeon_pea,1.3500743948418557
pigeon_pea,2.055446968413589
pigeon_pea,0.7464914024639195
pigeon_pea,0.767503611173436
pigeon_pea,1.3935100371239195
pigeon_pea,0.8158896160385232
pigeon_pea,0.7951189965398421
pigeon_pea,1.244565728900222
pigeon_pea,0.946566534093056
pigeon_pea,0.888080946294593
pigeon_pea,1.2050697429013877
pigeon_pea,0.878606825139275
pigeon_pea,0.894528229672299
pigeon_pea,0.9350195677384768
pigeon_pea,0.7961309934787938
pigeon_pea,1.0074289189210566
pigeon_pea,0.8357682721598215
pigeon_pea,0.7696465044305951
pigeon_pea,0.8147519748275236
pigeon_pea,0.8129294626796015
pigeon_pea,1.0828970893093377
pigeon_pea,1.1812001729762776
pigeon_pea,0.6425474383147987
pigeon_pea,0.7765143529242996
pigeon_pea,0.6888005668013033
pigeon_pea,1.092131220958971
pomegranate,7.032309495440494
pomegranate,4.979256674483473
pomegranate,5.729629772056577
pomegranate,5.218199046919623
pomegranate,5.4563596714339635
pomegranate,5.787248291837347
pomegranate,5.444571121350927
pomegranate,6.672823055738733
pomegranate,5.75101495211717
pomegranate,7.359997313181423
pomegranate,5.683713036950532
pomegranate,9.177005619008025
pomegranate,5.68634109378054
pomegranate,7.822734964378699
pomegranate,6.672367271902302
pomegranate,7.906802080966446
pomegranate,7.234726366858078
pomegranate,14.774698444116872
pomegranate,6.155476245396996
pomegranate,5.290382097134992
pomegranate,6.364132066504471
pomegranate,8.59854538293576
pomegranate,4.616808251352988
pomegranate,5.250985684010049
pomegranate,5.621792640678896
pomegranate,6.363677744058336
pomegranate,15.77515813724681
pomegranate,5.812710203983999
pomegranate,6.242659898843266
pomegranate,7.857988914352808
pomegranate,13.788241372158527
pomegranate,9.11866653124473
pomegranate,10.243443434848045
pomegranate,8.745050597087006
pomegranate,6.065108054302573
pomegranate,5.0533611080439025
pomegranate,7.987033484398424
pomegranate,7.320210339502827
pomegranate,7.5768747434336445
pomegranate,5.837530464688546
pomegranate,8.864581220065427
pomegranate,6.800364958420181
pomegranate,8.021107590559803
pomegranate,6.441654027651323
pomegranate,13.281532200347153
pomegranate,8.086405811508998
pomegranate,6.344258827908755
pomegranate,15.190008185138804
pomegranate,9.5083166813364
pomegranate,7.0782921645871495
pomegranate,7.158606319378682
pomegranate,9.82789350653423
pomegranate,6.038371796297923
pomegranate,6.397392916296462
pomegranate,9.09062615739991
pomegranate,8.346762764424847
pomegranate,5.56964763860287
pomegranate,5.901736355449807
pomegranate,6.006754037133575
pomegranate,10.981895193776449
pomegranate,9.971517915690594
pomegranate,8.175208002919966
pomegranate,15.59737015940859
pomegranate,5.960533567485868
pomegranate,9.494823795354954
pomegranate,11.70036323112982
pomegranate,6.803846677492014
pomegranate,7.306329102023049
pomegranate,6.5057267508340235
pomegranate,10.310495040620536
pomegranate,17.798789077411417
pomegranate,8.491834639393856
pomegranate,7.658994170200089
pomegranate,5.605346607123871
pomegranate,10.086468771933514
pomegranate,17.42869441087424
pomegranate,6.235729965799341
pomegranate,6.65134136257951
pomegranate,11.23665252310945
pomegranate,6.15453559552784
pomegranate,5.807718741801632
pomegranate,8.728211982314622
pomegranate,9.012225216705126
pomegranate,7.618912979728061
pomegranate,10.50815199582681
pomegranate,7.641755949063979
pomegranate,7.036291037859581
pomegranate,6.735553394561925
pomegranate,6.332557239209297
pomegranate,8.132099475164607
pomegranate,7.0386918183016425
pomegranate,6.801614445410189
pomegranate,5.6324750388041345
pomegranate,5.15456352637176
pomegranate,8.020661828093676
pomegranate,9.520177488101382
pomegranate,7.677908712998014
pomegranate,6.910736944821002
pomegranate,4.794667595679079
pomegranate,10.412113883189448
sesame,0.4666350232090366
sesame,0.4299320763785743
sesame,0.4343980991039893
sesame,0.5199265536582187
sesame,0.4150264513836808
sesame,0.437092764382777
sesame,0.3791961620479574
sesame,0.3623711260970322
sesame,0.4047112781053506
sesame,0.4622378656220438
sesame,0.3961453461291107
sesame,0.4669405760651993
sesame,0.3943004447911203
sesame,0.4106547535952797
sesame,0.4512328012845727
sesame,0.4606728494062683
sesame,0.4152447796784054
sesame,0.4688612950261343
sesame,0.4924975465086713
sesame,0.3845490071574406
sesame,0.4693729259564582
sesame,0.4627121770083598
sesame,0.4061619292890782
sesame,0.5042180090670453
sesame,0.4694401647652646
sesame,0.5088239896042542
sesame,0.4140309702367117
sesame,0.4282448201138823
sesame,0.5619881945104068
sesame,0.444610781225545
sesame,0.3703721411804039
sesame,0.3301459285944432
sesame,0.5429911680341462
sesame,0.4729769197285859
sesame,0.4807730408001571
sesame,0.4147910639270801
sesame,0.5449345181853756
sesame,0.4465402524722864
sesame,0.4891045195971848
sesame,0.3838714104354181
sesame,0.5187048838588927
sesame,0.4437622072556857
sesame,0.4451321780393191
sesame,0.4108557972400029
sesame,0.3840855337765625
sesame,0.3994334946039732
sesame,0.4079568630646902
sesame,0.4039200186263024
sesame,0.4655225027371311
sesame,0.5382413622688003
sesame,0.4195049617485083
sesame,0.4596051600045328
sesame,0.404906916713635
sesame,0.3943990716852221
sesame,0.3569657142497785
sesame,0.3501668378936505
sesame,0.4152305553576706
sesame,0.4133120667115547
sesame,0.4657542282044257
sesame,0.4119988054461664
sesame,0.4077905426180963
sesame,0.4833515034530851
sesame,0.472442063547101
sesame,0.425407473605419
sesame,0.4762533628015464
sesame,0.4015391368133587
sesame,0.4310999436644434
sesame,0.4812435852415173
sesame,0.4080226898808795
sesame,0.440871704572319
sesame,0.5004124453344924
sesame,0.4326219797353809
sesame,0.4099955454245608
sesame,0.3846378920536826
sesame,0.5039775262642303
sesame,0.3980042713632215
sesame,0.4099342776819062
sesame,0.3851220227702122
sesame,0.360786990456771
sesame,0.5545637603543017
sesame,0.4118731718149964
sesame,0.4764933332959655
sesame,0.3900647353230462
sesame,0.4273120116264834
sesame,0.4875736105687535
sesame,0.4640759060720307
sesame,0.5160058274645015
sesame,0.4757431738478346
sesame,0.4355597376203932
sesame,0.421396576183327
sesame,0.5478140319871491
sesame,0.4372158250443292
sesame,0.4515590806201072
sesame,0.402834272738179
sesame,0.4252082148878953
sesame,0.4090673851600447
sesame,0.419865803713552
sesame,0.4292036012329155
sesame,0.3682482976387926
sesame,0.5139280367766258
sorghum,1.5119588967914284
sorghum,1.6031194687076176
sorghum,1.1020810017566909
sorghum,1.2786708643579283
sorghum,1.3252075803380727
sorghum,1.4498463702585562
sorghum,1.242182037328879
sorghum,1.3963481322916915
sorghum,1.2991736711257578
sorghum,1.4684941571388777
sorghum,1.5275182720577407
sorghum,1.3518537350942317
sorghum,1.5303714914247826
sorghum,1.1201106163719936
sorghum,1.3603539434212353
sorghum,1.2260636424166529
sorghum,1.053174202235152
sorghum,1.1526043013922205
sorghum,1.282910159573047
sorghum,1.683080493154139
sorghum,1.0752537970818994
sorghum,1.4453323460834644
sorghum,1.3336878846281173
sorghum,1.4731053455364147
sorghum,1.3905092629750493
sorghum,1.254321888999699
sorghum,1.4707320794146093
sorghum,1.4743897292290258
sorghum,1.3755228291279094
sorghum,1.167498204847119
sorghum,1.441576067609492
sorghum,1.251699614421441
sorghum,1.2743013414620268
sorghum,1.5554010389153143
sorghum,1.525479009166656
sorghum,1.4616467600894905
sorghum,1.5671556433704432
sorghum,1.1693305368658518
sorghum,1.1885998520781156
sorghum,1.4150460009311543
sorghum,1.04829635627232
sorghum,1.2413156897096698
sorghum,1.417302925453827
sorghum,1.242481486099867
sorghum,1.5898878561292702
sorghum,1.3369189635904262
sorghum,1.2176356538081214
sorghum,1.2127583011443106
sorghum,1.2326650549339333
sorghum,1.640277464549306
sorghum,1.172296800922871
sorghum,1.3931287976828504
sorghum,1.344912150543616
sorghum,1.3672502821078212
sorghum,1.143817916205738
sorghum,1.343808550654341
sorghum,1.4325398346083955
sorghum,1.370468908023449
sorghum,1.285168624011959
sorghum,1.1729902069010698
sorghum,1.3288362996153795
sorghum,1.5163948366596494
sorghum,1.3455979278209438
sorghum,1.1795125886314382
sorghum,1.193794557249322
sorghum,1.489879370029291
sorghum,1.8226741361414864
sorghum,1.3939365970362465
sorghum,1.2362628736119043
sorghum,1.2902656488021575
sorghum,1.338413026688129
sorghum,1.2394572230110992
sorghum,1.4762109090408309
sorghum,1.2768897364397886
sorghum,1.2863264777688173
sorghum,1.392067556088017
sorghum,1.2402798795199594
sorghum,1.287137356346108
sorghum,1.7825799475722075
sorghum,1.3548607082114732
sorghum,0.9721173803909096
sorghum,1.2377499851083171
sorghum,1.651315247506581
sorghum,1.5704614500752196
sorghum,1.4793339261176146
sorghum,1.3442504681877825
sorghum,1.3268991373973391
sorghum,1.223222558468558
sorghum,1.1358786205080955
sorghum,1.3174722973933652
sorghum,1.19132986122794
sorghum,1.0939515000336726
sorghum,1.358905888867549
sorghum,1.4334610385079196
sorghum,1.3240940381413755
sorghum,1.243638675506137
sorghum,1.389256409435015
sorghum,1.260228186313804
sorghum,1.6587901524322073
sorghum,1.162898576628038
